season,date,week_monday,game_id,kind,neutral,conf_game,home_id,home,home_conf,home_tier,home_rank,home_score,away_id,away,away_conf,away_tier,away_rank,away_score,notes
2021,2020-11-25,2020-11-23,401252794,reg,0,0,153,North Carolina Tar Heels,ACC,power,16,79,232,Charleston Cougars,CAA,mid,0,60,
2021,2020-11-25,2020-11-23,401254076,reg,0,0,251,Texas Longhorns,Big 12,power,19,91,292,UT Rio Grande Valley Vaqueros,WAC,mid,0,55,
2021,2020-11-25,2020-11-23,401255645,reg,1,0,258,Virginia Cavaliers,ACC,power,4,89,119,Towson Tigers,CAA,mid,0,54,Bubbleville
2021,2020-11-25,2020-11-23,401257055,reg,0,0,248,Houston Cougars,American,high,17,89,2320,Lamar Cardinals,Southland,mid,0,45,
2021,2020-11-25,2020-11-23,401258857,reg,0,0,96,Kentucky Wildcats,SEC,power,10,81,2413,Morehead State Eagles,OVC,mid,0,45,Bluegrass Showcase
2021,2020-11-25,2020-11-23,401259032,reg,0,0,275,Wisconsin Badgers,Big Ten,power,7,77,2197,Eastern Illinois Panthers,OVC,mid,0,67,
2021,2020-11-25,2020-11-23,401259558,reg,0,0,2641,Texas Tech Red Raiders,Big 12,power,14,101,2466,Northwestern State Demons,Southland,mid,0,58,
2021,2020-11-25,2020-11-23,401259563,reg,0,0,164,Rutgers Scarlet Knights,Big Ten,power,24,86,2529,Sacred Heart Pioneers,NEC,mid,0,63,
2021,2020-11-25,2020-11-23,401260006,reg,1,0,103,Boston College Eagles,ACC,power,0,67,222,Villanova Wildcats,Big East,high,3,76,2K Empire Classic
2021,2020-11-25,2020-11-23,401262106,reg,0,0,21,San Diego State Aztecs,Mountain West,high,0,73,26,UCLA Bruins,Pac-12,power,22,58,
2021,2020-11-25,2020-11-23,401262142,reg,0,0,130,Michigan Wolverines,Big Ten,power,25,96,189,Bowling Green Falcons,MAC,mid,0,82,
2021,2020-11-25,2020-11-23,401262371,reg,0,0,356,Illinois Fighting Illini,Big Ten,power,8,122,2448,North Carolina A&T Aggies,MEAC,mid,0,60,
2021,2020-11-25,2020-11-23,401263443,reg,0,0,2294,Iowa Hawkeyes,Big Ten,power,5,97,2428,North Carolina Central Eagles,MEAC,mid,0,67,
2021,2020-11-25,2020-11-23,401263445,reg,0,0,127,Michigan State Spartans,Big Ten,power,13,83,2199,Eastern Michigan Eagles,MAC,mid,0,67,
2021,2020-11-25,2020-11-23,401263457,reg,0,0,194,Ohio State Buckeyes,Big Ten,power,23,94,2287,Illinois State Redbirds,MVC,mid,0,67,
2021,2020-11-25,2020-11-23,401265033,reg,1,0,227,Rhode Island Rams,A-10,high,0,88,9,Arizona State Sun Devils,Pac-12,power,18,94,2K Empire Classic
2021,2020-11-25,2020-11-23,401265652,reg,1,0,277,West Virginia Mountaineers,Big 12,power,15,79,2571,South Dakota State Jackrabbits,Summit,mid,0,71,Bad Boy Mowers Crossover Classic
2021,2020-11-26,2020-11-23,401256505,reg,1,0,277,West Virginia Mountaineers,Big 12,power,15,78,2670,VCU Rams,A-10,high,0,66,Bad Boy Mowers Crossover Classic
2021,2020-11-26,2020-11-23,401260001,reg,1,0,2250,Gonzaga Bulldogs,WCC,high,1,102,2305,Kansas Jayhawks,Big 12,power,6,90,Fort Myers Tip-Off
2021,2020-11-26,2020-11-23,401260008,reg,1,0,9,Arizona State Sun Devils,Pac-12,power,18,74,222,Villanova Wildcats,Big East,high,3,83,2K Empire Classic
2021,2020-11-26,2020-11-23,401262372,reg,0,0,356,Illinois Fighting Illini,Big Ten,power,8,97,2130,Chicago State Cougars,,,0,38,
2021,2020-11-27,2020-11-23,401255646,reg,1,0,2539,San Francisco Dons,WCC,high,0,61,258,Virginia Cavaliers,ACC,power,4,60,HomeLight Classic
2021,2020-11-27,2020-11-23,401256508,reg,1,0,277,West Virginia Mountaineers,Big 12,power,15,70,98,Western Kentucky Hilltoppers,CUSA,mid,0,64,Bad Boy Mowers Crossover Classic
2021,2020-11-27,2020-11-23,401259559,reg,0,0,2641,Texas Tech Red Raiders,Big 12,power,14,84,2534,Sam Houston Bearkats,Southland,mid,0,52,
2021,2020-11-27,2020-11-23,401260003,reg,1,0,2250,Gonzaga Bulldogs,WCC,high,1,90,2,Auburn Tigers,SEC,power,0,67,Fort Myers Tip-Off
2021,2020-11-27,2020-11-23,401260004,reg,1,0,2305,Kansas Jayhawks,Big 12,power,6,94,2603,Saint Joseph's Hawks,A-10,high,0,72,Fort Myers Tip-Off
2021,2020-11-27,2020-11-23,401260378,reg,1,0,26,UCLA Bruins,Pac-12,power,22,107,2492,Pepperdine Waves,WCC,high,0,98,
2021,2020-11-27,2020-11-23,401261569,reg,0,0,248,Houston Cougars,American,high,17,68,68,Boise State Broncos,Mountain West,high,0,58,Southwest Showcase
2021,2020-11-27,2020-11-23,401262136,reg,0,0,164,Rutgers Scarlet Knights,Big Ten,power,24,96,161,Fairleigh Dickinson Knights,NEC,mid,0,75,
2021,2020-11-27,2020-11-23,401262373,reg,0,0,356,Illinois Fighting Illini,Big Ten,power,8,77,195,Ohio Bobcats,MAC,mid,0,75,
2021,2020-11-27,2020-11-23,401263442,reg,0,0,2294,Iowa Hawkeyes,Big Ten,power,5,103,2582,Southern Jaguars,SWAC,mid,0,76,
2021,2020-11-27,2020-11-23,401263459,reg,0,0,275,Wisconsin Badgers,Big Ten,power,7,92,2029,Arkansas-Pine Bluff Golden Lions,SWAC,mid,0,58,
2021,2020-11-28,2020-11-23,401255593,reg,1,0,222,Villanova Wildcats,Big East,high,3,73,259,Virginia Tech Hokies,ACC,power,0,81,Air Force Reserve Basketball Hall of Fame Tip-Off Classic
2021,2020-11-28,2020-11-23,401259835,reg,0,0,150,Duke Blue Devils,ACC,power,9,81,2154,Coppin State Eagles,MEAC,mid,0,71,
2021,2020-11-28,2020-11-23,401260037,reg,0,0,127,Michigan State Spartans,Big Ten,power,13,80,87,Notre Dame Fighting Irish,ACC,power,0,70,
2021,2020-11-28,2020-11-23,401265777,reg,1,0,239,Baylor Bears,Big 12,power,2,112,309,Louisiana Ragin' Cajuns,Sun Belt,mid,0,82,
2021,2020-11-29,2020-11-23,401258859,reg,0,0,96,Kentucky Wildcats,SEC,power,10,64,257,Richmond Spiders,A-10,high,0,76,Bluegrass Showcase
2021,2020-11-29,2020-11-23,401259560,reg,1,0,248,Houston Cougars,American,high,17,64,2641,Texas Tech Red Raiders,Big 12,power,14,53,Southwest Showcase
2021,2020-11-29,2020-11-23,401261448,reg,0,0,9,Arizona State Sun Devils,Pac-12,power,18,100,2277,Houston Christian Huskies,Southland,mid,0,77,
2021,2020-11-29,2020-11-23,401262491,reg,0,0,130,Michigan Wolverines,Big Ten,power,25,81,2473,Oakland Golden Grizzlies,Horizon,mid,0,71,
2021,2020-11-29,2020-11-23,401263458,reg,0,0,194,Ohio State Buckeyes,Big Ten,power,23,74,2349,UMass Lowell River Hawks,Am. East,mid,0,64,
2021,2020-11-29,2020-11-23,401265151,reg,0,0,164,Rutgers Scarlet Knights,Big Ten,power,24,70,2275,Hofstra Pride,CAA,mid,0,56,
2021,2020-11-29,2020-11-23,401265778,reg,1,0,239,Baylor Bears,Big 12,power,2,86,264,Washington Huskies,Pac-12,power,0,52,
2021,2020-11-29,2020-11-23,401265779,reg,0,0,156,Creighton Bluejays,Big East,high,11,69,2449,North Dakota State Bison,Summit,mid,0,58,
2021,2020-11-30,2020-11-30,401254077,reg,1,0,2166,Davidson Wildcats,A-10,high,0,76,251,Texas Longhorns,Big 12,power,17,78,Camping World Maui Invitational
2021,2020-11-30,2020-11-30,401255064,reg,1,0,2439,UNLV Rebels,Mountain West,high,0,51,153,North Carolina Tar Heels,ACC,power,14,78,Camping World Maui Invitational
2021,2020-12-01,2020-11-30,401254041,reg,1,0,96,Kentucky Wildcats,SEC,power,20,62,2305,Kansas Jayhawks,Big 12,power,7,65,State Farm Champions Classic
2021,2020-12-01,2020-11-30,401256577,reg,1,0,84,Indiana Hoosiers,Big Ten,power,0,44,251,Texas Longhorns,Big 12,power,17,66,Camping World Maui Invitational
2021,2020-12-01,2020-11-30,401256578,reg,1,0,24,Stanford Cardinal,Pac-12,power,0,63,153,North Carolina Tar Heels,ACC,power,14,67,Camping World Maui Invitational
2021,2020-12-01,2020-11-30,401260005,reg,0,0,150,Duke Blue Devils,ACC,power,6,69,127,Michigan State Spartans,Big Ten,power,8,75,State Farm Champions Classic
2021,2020-12-01,2020-11-30,401260337,reg,0,0,258,Virginia Cavaliers,ACC,power,15,76,2598,St. Francis (PA) Red Flash,NEC,mid,0,51,
2021,2020-12-01,2020-11-30,401263460,reg,0,0,275,Wisconsin Badgers,Big Ten,power,4,82,2739,Green Bay Phoenix,Horizon,mid,0,42,
2021,2020-12-01,2020-11-30,401265819,reg,0,0,156,Creighton Bluejays,Big East,high,9,94,2437,Omaha Mavericks,Summit,mid,0,67,
2021,2020-12-01,2020-11-30,401266133,reg,1,0,42,Hartford Hawks,Am. East,mid,0,53,222,Villanova Wildcats,Big East,high,12,87,Bubbleville
2021,2020-12-02,2020-11-30,401255663,reg,0,0,194,Ohio State Buckeyes,Big Ten,power,23,77,2413,Morehead State Eagles,OVC,mid,0,44,
2021,2020-12-02,2020-11-30,401256579,reg,1,0,153,North Carolina Tar Heels,ACC,power,14,67,251,Texas Longhorns,Big 12,power,17,69,Camping World Maui Invitational
2021,2020-12-02,2020-11-30,401260332,reg,0,0,52,Florida State Seminoles,ACC,power,22,86,2454,North Florida Ospreys,ASUN,mid,0,58,
2021,2020-12-02,2020-11-30,401262279,reg,1,0,239,Baylor Bears,Big 12,power,2,82,356,Illinois Fighting Illini,Big Ten,power,5,69,Jimmy V Classic Presented by Corona
2021,2020-12-02,2020-11-30,401265679,reg,1,0,2250,Gonzaga Bulldogs,WCC,high,1,87,277,West Virginia Mountaineers,Big 12,power,11,82,Jimmy V Classic Presented by Corona
2021,2020-12-02,2020-11-30,401266546,reg,1,0,2483,Oregon Ducks,Pac-12,power,21,75,142,Missouri Tigers,SEC,power,0,83,
2021,2020-12-03,2020-11-30,401257440,reg,0,1,25,California Golden Bears,Pac-12,power,0,62,9,Arizona State Sun Devils,Pac-12,power,25,70,
2021,2020-12-03,2020-11-30,401261744,reg,0,0,259,Virginia Tech Hokies,ACC,power,16,64,2678,VMI Keydets,SoCon,mid,0,57,
2021,2020-12-03,2020-11-30,401264484,reg,0,0,2305,Kansas Jayhawks,Big 12,power,7,89,2687,Washburn Ichabods,,,0,54,
2021,2020-12-03,2020-11-30,401264539,reg,0,0,2294,Iowa Hawkeyes,Big Ten,power,3,99,2710,Western Illinois Leathernecks,Summit,mid,0,58,
2021,2020-12-04,2020-11-30,401254014,reg,0,0,150,Duke Blue Devils,ACC,power,6,76,91,Bellarmine Knights,ASUN,mid,0,54,Mako Medical Duke Classic
2021,2020-12-04,2020-11-30,401255012,reg,0,0,269,Marquette Golden Eagles,Big East,high,0,67,275,Wisconsin Badgers,Big Ten,power,4,65,
2021,2020-12-04,2020-11-30,401260338,reg,0,0,258,Virginia Cavaliers,ACC,power,15,71,2309,Kent State Golden Flashes,MAC,mid,0,64,
2021,2020-12-04,2020-11-30,401262406,reg,0,0,156,Creighton Bluejays,Big East,high,9,93,338,Kennesaw State Owls,ASUN,mid,0,58,
2021,2020-12-04,2020-11-30,401263446,reg,0,0,127,Michigan State Spartans,Big Ten,power,8,83,2174,Detroit Mercy Titans,Horizon,mid,0,76,
2021,2020-12-04,2020-11-30,401266523,reg,1,0,2483,Oregon Ducks,Pac-12,power,21,83,2550,Seton Hall Pirates,Big East,high,0,70,
2021,2020-12-04,2020-11-30,401266749,reg,0,0,2641,Texas Tech Red Raiders,Big 12,power,17,80,2653,Troy Trojans,Sun Belt,mid,0,46,
2021,2020-12-05,2020-11-30,401254034,reg,0,0,2305,Kansas Jayhawks,Big 12,power,7,65,2449,North Dakota State Bison,Summit,mid,0,61,
2021,2020-12-05,2020-11-30,401260964,reg,0,0,248,Houston Cougars,American,high,10,77,2579,South Carolina Gamecocks,SEC,power,0,67,
2021,2020-12-06,2020-11-30,401255627,reg,0,0,59,Georgia Tech Yellow Jackets,ACC,power,0,79,96,Kentucky Wildcats,SEC,power,20,62,Pit Boss Grills Holiday Hoopsgiving
2021,2020-12-06,2020-11-30,401259561,reg,0,0,2641,Texas Tech Red Raiders,Big 12,power,17,81,2755,Grambling Tigers,SWAC,mid,0,40,
2021,2020-12-06,2020-11-30,401259855,reg,0,0,46,Georgetown Hoyas,Big East,high,0,71,277,West Virginia Mountaineers,Big 12,power,11,80,Big East-Big 12 Battle
2021,2020-12-06,2020-11-30,401259857,reg,0,0,251,Texas Longhorns,Big 12,power,17,64,222,Villanova Wildcats,Big East,high,12,68,Big East-Big 12 Battle
2021,2020-12-06,2020-11-30,401263447,reg,0,0,127,Michigan State Spartans,Big Ten,power,8,79,2711,Western Michigan Broncos,MAC,mid,0,61,
2021,2020-12-07,2020-12-07,401267814,reg,0,0,257,Richmond Spiders,A-10,high,19,77,2747,Wofford Terriers,SoCon,mid,0,72,
2021,2020-12-08,2020-12-07,401254042,reg,0,0,2305,Kansas Jayhawks,Big 12,power,5,73,156,Creighton Bluejays,Big East,high,8,72,Big East-Big 12 Battle
2021,2020-12-08,2020-12-07,401256094,reg,0,0,150,Duke Blue Devils,ACC,power,10,68,356,Illinois Fighting Illini,Big Ten,power,6,83,ACC/Big Ten Challenge pres. by Continental Tire
2021,2020-12-08,2020-12-07,401256095,reg,0,0,2294,Iowa Hawkeyes,Big Ten,power,3,93,153,North Carolina Tar Heels,ACC,power,16,80,ACC/Big Ten Challenge pres. by Continental Tire
2021,2020-12-08,2020-12-07,401256096,reg,0,0,87,Notre Dame Fighting Irish,ACC,power,0,85,194,Ohio State Buckeyes,Big Ten,power,22,90,ACC/Big Ten Challenge pres. by Continental Tire
2021,2020-12-08,2020-12-07,401256097,reg,0,0,259,Virginia Tech Hokies,ACC,power,15,55,213,Penn State Nittany Lions,Big Ten,power,0,75,ACC/Big Ten Challenge pres. by Continental Tire
2021,2020-12-08,2020-12-07,401256099,reg,0,0,164,Rutgers Scarlet Knights,Big Ten,power,21,79,183,Syracuse Orange,ACC,power,0,69,ACC/Big Ten Challenge pres. by Continental Tire
2021,2020-12-08,2020-12-07,401267863,reg,0,0,2633,Tennessee Volunteers,SEC,power,12,56,38,Colorado Buffaloes,Pac-12,power,0,47,
2021,2020-12-09,2020-12-07,401256101,reg,0,0,52,Florida State Seminoles,ACC,power,20,69,84,Indiana Hoosiers,Big Ten,power,0,67,ACC/Big Ten Challenge pres. by Continental Tire
2021,2020-12-09,2020-12-07,401259562,reg,0,0,2641,Texas Tech Red Raiders,Big 12,power,17,51,2000,Abilene Christian Wildcats,Southland,mid,0,44,
2021,2020-12-09,2020-12-07,401260702,reg,0,0,257,Richmond Spiders,A-10,high,19,78,2460,Northern Iowa Panthers,MVC,mid,0,68,
2021,2020-12-09,2020-12-07,401260962,reg,0,0,251,Texas Longhorns,Big 12,power,13,74,326,Texas State Bobcats,Sun Belt,mid,0,53,
2021,2020-12-09,2020-12-07,401268090,reg,0,0,275,Wisconsin Badgers,Big Ten,power,13,73,227,Rhode Island Rams,A-10,high,0,62,
2021,2020-12-09,2020-12-07,401268224,reg,0,0,239,Baylor Bears,Big 12,power,2,83,2617,Stephen F. Austin Lumberjacks,Southland,mid,0,52,
2021,2020-12-10,2020-12-07,401262674,reg,0,0,9,Arizona State Sun Devils,Pac-12,power,23,68,21,San Diego State Aztecs,Mountain West,high,24,80,
2021,2020-12-11,2020-12-07,401254035,reg,0,0,2305,Kansas Jayhawks,Big 12,power,5,95,2437,Omaha Mavericks,Summit,mid,0,50,
2021,2020-12-11,2020-12-07,401254978,reg,0,1,46,Georgetown Hoyas,Big East,high,0,63,222,Villanova Wildcats,Big East,high,9,76,
2021,2020-12-11,2020-12-07,401263602,reg,0,0,156,Creighton Bluejays,Big East,high,8,98,158,Nebraska Cornhuskers,Big Ten,power,0,74,
2021,2020-12-11,2020-12-07,401265149,reg,0,0,2294,Iowa Hawkeyes,Big Ten,power,3,105,66,Iowa State Cyclones,Big 12,power,0,77,
2021,2020-12-11,2020-12-07,401268678,reg,0,0,277,West Virginia Mountaineers,Big 12,power,11,62,249,North Texas Mean Green,CUSA,mid,0,50,
2021,2020-12-12,2020-12-07,401256760,reg,0,0,52,Florida State Seminoles,ACC,power,20,83,57,Florida Gators,SEC,power,0,71,
2021,2020-12-12,2020-12-07,401257378,reg,1,0,2641,Texas Tech Red Raiders,Big 12,power,17,77,357,Texas A&M-Corpus Christi Islanders,Southland,mid,0,57,
2021,2020-12-12,2020-12-07,401258875,reg,0,0,2633,Tennessee Volunteers,SEC,power,12,65,2132,Cincinnati Bearcats,American,high,0,56,
2021,2020-12-12,2020-12-07,401262374,reg,0,0,142,Missouri Tigers,SEC,power,0,81,356,Illinois Fighting Illini,Big Ten,power,6,78,
2021,2020-12-12,2020-12-07,401268610,reg,0,0,153,North Carolina Tar Heels,ACC,power,16,73,2428,North Carolina Central Eagles,MEAC,mid,0,67,
2021,2020-12-13,2020-12-07,401254083,reg,0,0,277,West Virginia Mountaineers,Big 12,power,11,87,257,Richmond Spiders,A-10,high,19,71,
2021,2020-12-13,2020-12-07,401262475,reg,0,0,2253,Grand Canyon Lopes,WAC,mid,0,70,9,Arizona State Sun Devils,Pac-12,power,23,71,
2021,2020-12-13,2020-12-07,401262677,reg,0,0,2294,Iowa Hawkeyes,Big Ten,power,3,106,2459,Northern Illinois Huskies,MAC,mid,0,53,
2021,2020-12-13,2020-12-07,401263448,reg,0,0,127,Michigan State Spartans,Big Ten,power,4,109,2473,Oakland Golden Grizzlies,Horizon,mid,0,91,
2021,2020-12-13,2020-12-07,401268053,reg,0,0,194,Ohio State Buckeyes,Big Ten,power,22,67,325,Cleveland State Vikings,Horizon,mid,0,61,
2021,2020-12-14,2020-12-14,401254985,reg,0,1,156,Creighton Bluejays,Big East,high,9,84,269,Marquette Golden Eagles,Big East,high,0,89,
2021,2020-12-14,2020-12-14,401263327,reg,0,1,120,Maryland Terrapins,Big Ten,power,0,60,164,Rutgers Scarlet Knights,Big Ten,power,19,74,
2021,2020-12-15,2020-12-14,401258876,reg,0,0,2633,Tennessee Volunteers,SEC,power,10,79,2026,Appalachian State Mountaineers,Sun Belt,mid,0,38,
2021,2020-12-15,2020-12-14,401260174,reg,0,1,259,Virginia Tech Hokies,ACC,power,0,66,228,Clemson Tigers,ACC,power,24,60,
2021,2020-12-15,2020-12-14,401260175,reg,0,1,52,Florida State Seminoles,ACC,power,15,74,59,Georgia Tech Yellow Jackets,ACC,power,0,61,
2021,2020-12-15,2020-12-14,401263328,reg,0,1,356,Illinois Fighting Illini,Big Ten,power,13,92,135,Minnesota Golden Gophers,Big Ten,power,0,65,
2021,2020-12-15,2020-12-14,401269392,reg,0,0,275,Wisconsin Badgers,Big Ten,power,12,77,2350,Loyola Chicago Ramblers,MVC,mid,0,63,
2021,2020-12-16,2020-12-14,401254987,reg,0,1,222,Villanova Wildcats,Big East,high,7,85,2086,Butler Bulldogs,Big East,high,0,66,
2021,2020-12-16,2020-12-14,401259552,reg,0,0,251,Texas Longhorns,Big 12,power,11,79,2534,Sam Houston Bearkats,Southland,mid,0,63,
2021,2020-12-16,2020-12-14,401260176,reg,0,1,87,Notre Dame Fighting Irish,ACC,power,0,65,150,Duke Blue Devils,ACC,power,21,75,
2021,2020-12-16,2020-12-14,401263329,reg,0,1,2509,Purdue Boilermakers,Big Ten,power,0,67,194,Ohio State Buckeyes,Big Ten,power,20,60,
2021,2020-12-17,2020-12-14,401253834,reg,0,1,2641,Texas Tech Red Raiders,Big 12,power,14,57,2305,Kansas Jayhawks,Big 12,power,5,58,
2021,2020-12-17,2020-12-14,401254988,reg,0,1,2599,St. John's Red Storm,Big East,high,0,76,156,Creighton Bluejays,Big East,high,9,94,
2021,2020-12-18,2020-12-14,401253835,reg,0,1,277,West Virginia Mountaineers,Big 12,power,8,70,66,Iowa State Cyclones,Big 12,power,0,65,
2021,2020-12-18,2020-12-14,401258877,reg,0,0,2633,Tennessee Volunteers,SEC,power,10,103,2635,Tennessee Tech Golden Eagles,OVC,mid,0,49,
2021,2020-12-18,2020-12-14,401261637,reg,0,0,21,San Diego State Aztecs,Mountain West,high,18,62,252,BYU Cougars,WCC,high,0,72,
2021,2020-12-19,2020-12-14,401253836,reg,0,1,2306,Kansas State Wildcats,Big 12,power,0,69,239,Baylor Bears,Big 12,power,2,100,
2021,2020-12-19,2020-12-14,401255666,reg,1,0,2250,Gonzaga Bulldogs,WCC,high,1,99,2294,Iowa Hawkeyes,Big Ten,power,3,88,
2021,2020-12-19,2020-12-14,401260333,reg,0,0,52,Florida State Seminoles,ACC,power,15,74,2116,UCF Knights,American,high,0,86,
2021,2020-12-19,2020-12-14,401269680,reg,0,0,275,Wisconsin Badgers,Big Ten,power,12,85,97,Louisville Cardinals,ACC,power,23,48,ACC/Big Ten Challenge pres. by Continental Tire
2021,2020-12-19,2020-12-14,401270409,reg,1,0,96,Kentucky Wildcats,SEC,power,0,63,153,North Carolina Tar Heels,ACC,power,22,75,CBS Sports Classic
2021,2020-12-19,2020-12-14,401270410,reg,1,0,194,Ohio State Buckeyes,Big Ten,power,20,77,26,UCLA Bruins,Pac-12,power,0,70,CBS Sports Classic
2021,2020-12-19,2020-12-14,401270594,reg,0,0,222,Villanova Wildcats,Big East,high,7,88,2603,Saint Joseph's Hawks,A-10,high,0,68,
2021,2020-12-20,2020-12-14,401253837,reg,0,1,251,Texas Longhorns,Big 12,power,11,77,197,Oklahoma State Cowboys,Big 12,power,0,74,
2021,2020-12-20,2020-12-14,401254992,reg,0,1,41,UConn Huskies,Big East,high,0,74,156,Creighton Bluejays,Big East,high,9,76,
2021,2020-12-20,2020-12-14,401263349,reg,0,1,77,Northwestern Wildcats,Big Ten,power,0,79,127,Michigan State Spartans,Big Ten,power,4,65,
2021,2020-12-20,2020-12-14,401263350,reg,0,1,164,Rutgers Scarlet Knights,Big Ten,power,19,91,356,Illinois Fighting Illini,Big Ten,power,13,88,
2021,2020-12-20,2020-12-14,401270041,reg,0,0,248,Houston Cougars,American,high,6,88,2016,Alcorn State Braves,SWAC,mid,0,55,
2021,2020-12-21,2020-12-21,401254046,reg,0,0,239,Baylor Bears,Big 12,power,2,99,2029,Arkansas-Pine Bluff Golden Lions,SWAC,mid,0,42,
2021,2020-12-21,2020-12-21,401261645,reg,0,0,2250,Gonzaga Bulldogs,WCC,high,1,95,2466,Northwestern State Demons,Southland,mid,0,57,
2021,2020-12-21,2020-12-21,401262393,reg,0,0,259,Virginia Tech Hokies,ACC,power,24,84,2344,Longwood Lancers,Big South,mid,0,58,
2021,2020-12-21,2020-12-21,401268240,reg,0,0,52,Florida State Seminoles,ACC,power,21,72,2241,Gardner-Webb Runnin' Bulldogs,Big South,mid,0,59,
2021,2020-12-21,2020-12-21,401268966,reg,0,0,2633,Tennessee Volunteers,SEC,power,8,102,2603,Saint Joseph's Hawks,A-10,high,0,66,
2021,2020-12-22,2020-12-21,401253838,reg,0,1,2305,Kansas Jayhawks,Big 12,power,3,79,277,West Virginia Mountaineers,Big 12,power,7,65,
2021,2020-12-22,2020-12-21,401253839,reg,0,1,201,Oklahoma Sooners,Big 12,power,0,67,2641,Texas Tech Red Raiders,Big 12,power,15,69,
2021,2020-12-22,2020-12-21,401258865,reg,0,0,142,Missouri Tigers,SEC,power,14,54,71,Bradley Braves,MVC,mid,0,53,
2021,2020-12-22,2020-12-21,401260181,reg,0,1,152,NC State Wolfpack,ACC,power,0,79,153,North Carolina Tar Heels,ACC,power,17,76,
2021,2020-12-22,2020-12-21,401263330,reg,0,1,275,Wisconsin Badgers,Big Ten,power,9,67,158,Nebraska Cornhuskers,Big Ten,power,0,53,
2021,2020-12-22,2020-12-21,401263331,reg,0,1,2294,Iowa Hawkeyes,Big Ten,power,4,70,2509,Purdue Boilermakers,Big Ten,power,0,55,
2021,2020-12-22,2020-12-21,401264248,reg,0,1,248,Houston Cougars,American,high,6,76,218,Temple Owls,American,high,0,50,
2021,2020-12-22,2020-12-21,401270547,reg,0,0,258,Virginia Cavaliers,ACC,power,16,76,2729,William & Mary Tribe,CAA,mid,0,40,
2021,2020-12-22,2020-12-21,401271433,reg,0,0,2250,Gonzaga Bulldogs,WCC,high,1,95,2466,Northwestern State Demons,Southland,mid,0,78,
2021,2020-12-23,2020-12-21,401255016,reg,0,1,156,Creighton Bluejays,Big East,high,13,66,2752,Xavier Musketeers,Big East,high,22,61,
2021,2020-12-23,2020-12-21,401255019,reg,0,1,269,Marquette Golden Eagles,Big East,high,0,68,222,Villanova Wildcats,Big East,high,5,85,
2021,2020-12-23,2020-12-21,401258878,reg,0,0,2633,Tennessee Volunteers,SEC,power,8,80,2908,South Carolina Upstate Spartans,Big South,mid,0,60,
2021,2020-12-23,2020-12-21,401263333,reg,0,1,194,Ohio State Buckeyes,Big Ten,power,23,80,164,Rutgers Scarlet Knights,Big Ten,power,11,68,
2021,2020-12-23,2020-12-21,401263334,reg,0,1,213,Penn State Nittany Lions,Big Ten,power,0,81,356,Illinois Fighting Illini,Big Ten,power,18,98,
2021,2020-12-25,2020-12-21,401263335,reg,0,1,127,Michigan State Spartans,Big Ten,power,12,76,275,Wisconsin Badgers,Big Ten,power,9,85,
2021,2020-12-25,2020-12-21,401263336,reg,0,1,135,Minnesota Golden Gophers,Big Ten,power,0,102,2294,Iowa Hawkeyes,Big Ten,power,4,95,
2021,2020-12-25,2020-12-21,401263337,reg,0,1,158,Nebraska Cornhuskers,Big Ten,power,0,69,130,Michigan Wolverines,Big Ten,power,19,80,
2021,2020-12-26,2020-12-21,401263339,reg,0,1,356,Illinois Fighting Illini,Big Ten,power,18,69,84,Indiana Hoosiers,Big Ten,power,0,60,
2021,2020-12-26,2020-12-21,401263340,reg,0,1,77,Northwestern Wildcats,Big Ten,power,0,71,194,Ohio State Buckeyes,Big Ten,power,23,70,
2021,2020-12-26,2020-12-21,401268673,reg,0,1,2116,UCF Knights,American,high,0,54,248,Houston Cougars,American,high,6,63,
2021,2020-12-26,2020-12-21,401270544,reg,1,0,2250,Gonzaga Bulldogs,WCC,high,1,98,258,Virginia Cavaliers,ACC,power,16,75,
2021,2020-12-28,2020-12-28,401263341,reg,0,1,135,Minnesota Golden Gophers,Big Ten,power,21,81,127,Michigan State Spartans,Big Ten,power,17,56,
2021,2020-12-28,2020-12-28,401263342,reg,0,1,275,Wisconsin Badgers,Big Ten,power,6,64,120,Maryland Terrapins,Big Ten,power,0,70,
2021,2020-12-28,2020-12-28,401271434,reg,0,0,2250,Gonzaga Bulldogs,WCC,high,1,88,2464,Northern Arizona Lumberjacks,Big Sky,mid,0,58,
2021,2020-12-29,2020-12-28,401254047,reg,0,0,239,Baylor Bears,Big 12,power,2,93,2110,Central Arkansas Bears,Southland,mid,0,56,
2021,2020-12-29,2020-12-28,401254084,reg,0,0,277,West Virginia Mountaineers,Big 12,power,9,73,111,Northeastern Huskies,CAA,mid,0,51,
2021,2020-12-29,2020-12-28,401255768,reg,0,0,2250,Gonzaga Bulldogs,WCC,high,1,112,3101,Utah Tech Trailblazers,WAC,mid,0,67,
2021,2020-12-29,2020-12-28,401259594,reg,0,0,2641,Texas Tech Red Raiders,Big 12,power,13,79,2916,Incarnate Word Cardinals,Southland,mid,0,51,
2021,2020-12-29,2020-12-28,401263343,reg,0,1,2294,Iowa Hawkeyes,Big Ten,power,10,87,77,Northwestern Wildcats,Big Ten,power,19,72,
2021,2020-12-29,2020-12-28,401263344,reg,0,1,164,Rutgers Scarlet Knights,Big Ten,power,14,81,2509,Purdue Boilermakers,Big Ten,power,0,76,
2021,2020-12-29,2020-12-28,401264251,reg,0,1,202,Tulsa Golden Hurricane,American,high,0,65,248,Houston Cougars,American,high,5,64,
2021,2020-12-29,2020-12-28,401265030,reg,0,1,259,Virginia Tech Hokies,ACC,power,24,80,2390,Miami Hurricanes,ACC,power,0,78,
2021,2020-12-29,2020-12-28,401265031,reg,0,1,228,Clemson Tigers,ACC,power,0,77,52,Florida State Seminoles,ACC,power,18,67,
2021,2020-12-30,2020-12-28,401258721,reg,0,1,142,Missouri Tigers,SEC,power,12,53,2633,Tennessee Volunteers,SEC,power,7,73,
2021,2020-12-30,2020-12-28,401263346,reg,0,1,194,Ohio State Buckeyes,Big Ten,power,25,90,158,Nebraska Cornhuskers,Big Ten,power,0,54,
2021,2020-12-30,2020-12-28,401265054,reg,0,1,87,Notre Dame Fighting Irish,ACC,power,0,57,258,Virginia Cavaliers,ACC,power,23,66,
2021,2020-12-30,2020-12-28,401274073,reg,0,0,239,Baylor Bears,Big 12,power,2,105,2016,Alcorn State Braves,SWAC,mid,0,76,
2021,2020-12-31,2020-12-28,401263347,reg,0,1,120,Maryland Terrapins,Big Ten,power,0,73,130,Michigan Wolverines,Big Ten,power,16,84,
2021,2020-12-31,2020-12-28,401263348,reg,0,1,275,Wisconsin Badgers,Big Ten,power,6,71,135,Minnesota Golden Gophers,Big Ten,power,21,59,
2021,2020-12-31,2020-12-28,401265351,reg,0,1,2483,Oregon Ducks,Pac-12,power,21,82,25,California Golden Bears,Pac-12,power,0,69,
2021,2021-01-02,2020-12-28,401253710,reg,0,1,2250,Gonzaga Bulldogs,WCC,high,1,85,2539,San Francisco Dons,WCC,high,0,62,
2021,2021-01-02,2020-12-28,401253840,reg,0,1,66,Iowa State Cyclones,Big 12,power,0,65,239,Baylor Bears,Big 12,power,2,76,
2021,2021-01-02,2020-12-28,401253841,reg,0,1,2305,Kansas Jayhawks,Big 12,power,3,59,251,Texas Longhorns,Big 12,power,8,84,
2021,2021-01-02,2020-12-28,401253843,reg,0,1,201,Oklahoma Sooners,Big 12,power,0,75,277,West Virginia Mountaineers,Big 12,power,9,71,
2021,2021-01-02,2020-12-28,401253844,reg,0,1,2641,Texas Tech Red Raiders,Big 12,power,13,77,197,Oklahoma State Cowboys,Big 12,power,0,82,
2021,2021-01-02,2020-12-28,401258722,reg,0,1,2633,Tennessee Volunteers,SEC,power,7,63,333,Alabama Crimson Tide,SEC,power,0,71,
2021,2021-01-02,2020-12-28,401258723,reg,0,1,8,Arkansas Razorbacks,SEC,power,0,68,142,Missouri Tigers,SEC,power,12,81,
2021,2021-01-02,2020-12-28,401263307,reg,0,1,356,Illinois Fighting Illini,Big Ten,power,15,66,2509,Purdue Boilermakers,Big Ten,power,0,58,
2021,2021-01-02,2020-12-28,401263308,reg,0,1,158,Nebraska Cornhuskers,Big Ten,power,0,77,127,Michigan State Spartans,Big Ten,power,17,84,
2021,2021-01-02,2020-12-28,401263309,reg,0,1,164,Rutgers Scarlet Knights,Big Ten,power,14,75,2294,Iowa Hawkeyes,Big Ten,power,10,77,
2021,2021-01-02,2020-12-28,401265358,reg,0,1,2483,Oregon Ducks,Pac-12,power,21,73,24,Stanford Cardinal,Pac-12,power,0,56,
2021,2021-01-02,2020-12-28,401269594,reg,0,1,2507,Providence Friars,Big East,high,0,65,156,Creighton Bluejays,Big East,high,11,67,
2021,2021-01-03,2020-12-28,401263418,reg,0,1,130,Michigan Wolverines,Big Ten,power,16,85,77,Northwestern Wildcats,Big Ten,power,19,66,
2021,2021-01-03,2020-12-28,401263419,reg,0,1,135,Minnesota Golden Gophers,Big Ten,power,21,77,194,Ohio State Buckeyes,Big Ten,power,25,60,
2021,2021-01-03,2020-12-28,401264259,reg,0,1,2567,SMU Mustangs,American,high,0,60,248,Houston Cougars,American,high,5,74,
2021,2021-01-04,2021-01-04,401253845,reg,0,1,197,Oklahoma State Cowboys,Big 12,power,0,84,277,West Virginia Mountaineers,Big 12,power,14,87,
2021,2021-01-05,2021-01-04,401253846,reg,0,1,2628,TCU Horned Frogs,Big 12,power,0,64,2305,Kansas Jayhawks,Big 12,power,6,93,
2021,2021-01-05,2021-01-04,401253847,reg,0,1,251,Texas Longhorns,Big 12,power,4,78,66,Iowa State Cyclones,Big 12,power,0,72,
2021,2021-01-05,2021-01-04,401253848,reg,0,1,2641,Texas Tech Red Raiders,Big 12,power,18,82,2306,Kansas State Wildcats,Big 12,power,0,71,
2021,2021-01-05,2021-01-04,401258729,reg,0,1,344,Mississippi State Bulldogs,SEC,power,0,78,142,Missouri Tigers,SEC,power,13,63,
2021,2021-01-05,2021-01-04,401263424,reg,0,1,127,Michigan State Spartans,Big Ten,power,23,68,164,Rutgers Scarlet Knights,Big Ten,power,15,45,
2021,2021-01-05,2021-01-04,401265056,reg,0,1,228,Clemson Tigers,ACC,power,19,74,152,NC State Wolfpack,ACC,power,0,70,
2021,2021-01-06,2021-01-04,401253849,reg,0,1,239,Baylor Bears,Big 12,power,2,76,201,Oklahoma Sooners,Big 12,power,0,61,
2021,2021-01-06,2021-01-04,401258730,reg,0,1,2633,Tennessee Volunteers,SEC,power,9,79,8,Arkansas Razorbacks,SEC,power,0,74,
2021,2021-01-06,2021-01-04,401263426,reg,0,1,130,Michigan Wolverines,Big Ten,power,10,82,135,Minnesota Golden Gophers,Big Ten,power,16,57,
2021,2021-01-06,2021-01-04,401264261,reg,0,1,248,Houston Cougars,American,high,11,70,2724,Wichita State Shockers,American,high,0,63,
2021,2021-01-06,2021-01-04,401265058,reg,0,1,150,Duke Blue Devils,ACC,power,21,83,103,Boston College Eagles,ACC,power,0,82,
2021,2021-01-06,2021-01-04,401265061,reg,0,1,97,Louisville Cardinals,ACC,power,0,73,259,Virginia Tech Hokies,ACC,power,19,71,
2021,2021-01-06,2021-01-04,401265062,reg,0,1,258,Virginia Cavaliers,ACC,power,22,70,154,Wake Forest Demon Deacons,ACC,power,0,61,
2021,2021-01-06,2021-01-04,401269601,reg,0,1,156,Creighton Bluejays,Big East,high,7,89,2550,Seton Hall Pirates,Big East,high,0,53,
2021,2021-01-07,2021-01-04,401263428,reg,0,1,120,Maryland Terrapins,Big Ten,power,0,67,2294,Iowa Hawkeyes,Big Ten,power,5,89,
2021,2021-01-07,2021-01-04,401263429,reg,0,1,77,Northwestern Wildcats,Big Ten,power,0,56,356,Illinois Fighting Illini,Big Ten,power,12,81,
2021,2021-01-07,2021-01-04,401263430,reg,0,1,275,Wisconsin Badgers,Big Ten,power,8,80,84,Indiana Hoosiers,Big Ten,power,0,73,
2021,2021-01-07,2021-01-04,401265361,reg,0,1,38,Colorado Buffaloes,Pac-12,power,0,79,2483,Oregon Ducks,Pac-12,power,17,72,
2021,2021-01-07,2021-01-04,401275290,reg,0,1,2250,Gonzaga Bulldogs,WCC,high,1,86,252,BYU Cougars,WCC,high,0,69,
2021,2021-01-08,2021-01-04,401263310,reg,0,1,127,Michigan State Spartans,Big Ten,power,23,54,2509,Purdue Boilermakers,Big Ten,power,0,55,
2021,2021-01-09,2021-01-04,401253719,reg,0,1,2501,Portland Pilots,WCC,high,0,88,2250,Gonzaga Bulldogs,WCC,high,1,116,
2021,2021-01-09,2021-01-04,401253850,reg,0,1,66,Iowa State Cyclones,Big 12,power,0,64,2641,Texas Tech Red Raiders,Big 12,power,18,91,
2021,2021-01-09,2021-01-04,401253851,reg,0,1,2305,Kansas Jayhawks,Big 12,power,6,63,201,Oklahoma Sooners,Big 12,power,0,59,
2021,2021-01-09,2021-01-04,401253853,reg,0,1,2628,TCU Horned Frogs,Big 12,power,0,49,239,Baylor Bears,Big 12,power,2,67,
2021,2021-01-09,2021-01-04,401253854,reg,0,1,277,West Virginia Mountaineers,Big 12,power,14,70,251,Texas Longhorns,Big 12,power,4,72,
2021,2021-01-09,2021-01-04,401258740,reg,0,1,245,Texas A&M Aggies,SEC,power,0,54,2633,Tennessee Volunteers,SEC,power,9,68,
2021,2021-01-09,2021-01-04,401260204,reg,0,1,103,Boston College Eagles,ACC,power,0,49,258,Virginia Cavaliers,ACC,power,22,61,
2021,2021-01-09,2021-01-04,401260206,reg,0,1,150,Duke Blue Devils,ACC,power,21,79,154,Wake Forest Demon Deacons,ACC,power,0,68,
2021,2021-01-09,2021-01-04,401263432,reg,0,1,164,Rutgers Scarlet Knights,Big Ten,power,15,68,194,Ohio State Buckeyes,Big Ten,power,0,79,
2021,2021-01-09,2021-01-04,401264266,reg,0,1,248,Houston Cougars,American,high,11,71,2655,Tulane Green Wave,American,high,0,50,
2021,2021-01-09,2021-01-04,401269605,reg,0,1,156,Creighton Bluejays,Big East,high,7,97,2599,St. John's Red Storm,Big East,high,0,79,
2021,2021-01-09,2021-01-04,401275569,reg,0,1,254,Utah Utes,Pac-12,power,0,73,2483,Oregon Ducks,Pac-12,power,17,79,
2021,2021-01-10,2021-01-04,401260210,reg,0,1,259,Virginia Tech Hokies,ACC,power,19,77,87,Notre Dame Fighting Irish,ACC,power,0,63,
2021,2021-01-10,2021-01-04,401263391,reg,0,1,356,Illinois Fighting Illini,Big Ten,power,12,63,120,Maryland Terrapins,Big Ten,power,0,66,
2021,2021-01-10,2021-01-04,401267859,reg,0,1,2294,Iowa Hawkeyes,Big Ten,power,5,86,135,Minnesota Golden Gophers,Big Ten,power,16,71,
2021,2021-01-11,2021-01-11,401272041,reg,0,1,305,DePaul Blue Demons,Big East,high,0,53,41,UConn Huskies,Big East,high,25,60,
2021,2021-01-12,2021-01-11,401253857,reg,0,1,197,Oklahoma State Cowboys,Big 12,power,0,75,2305,Kansas Jayhawks,Big 12,power,6,70,
2021,2021-01-12,2021-01-11,401263393,reg,0,1,130,Michigan Wolverines,Big Ten,power,7,77,275,Wisconsin Badgers,Big Ten,power,9,54,
2021,2021-01-12,2021-01-11,401265066,reg,0,1,259,Virginia Tech Hokies,ACC,power,20,74,150,Duke Blue Devils,ACC,power,19,67,
2021,2021-01-13,2021-01-11,401253859,reg,0,1,251,Texas Longhorns,Big 12,power,4,77,2641,Texas Tech Red Raiders,Big 12,power,15,79,
2021,2021-01-13,2021-01-11,401263312,reg,0,1,194,Ohio State Buckeyes,Big Ten,power,21,81,77,Northwestern Wildcats,Big Ten,power,0,71,
2021,2021-01-13,2021-01-11,401265068,reg,0,1,258,Virginia Cavaliers,ACC,power,18,80,87,Notre Dame Fighting Irish,ACC,power,0,68,
2021,2021-01-13,2021-01-11,401265069,reg,0,1,154,Wake Forest Demon Deacons,ACC,power,0,65,97,Louisville Cardinals,ACC,power,16,77,
2021,2021-01-14,2021-01-11,401253723,reg,0,1,2250,Gonzaga Bulldogs,WCC,high,1,95,2492,Pepperdine Waves,WCC,high,0,70,
2021,2021-01-15,2021-01-11,401263397,reg,0,1,164,Rutgers Scarlet Knights,Big Ten,power,0,54,275,Wisconsin Badgers,Big Ten,power,9,60,
2021,2021-01-16,2021-01-11,401253731,reg,0,1,2608,Saint Mary's Gaels,WCC,high,0,59,2250,Gonzaga Bulldogs,WCC,high,1,73,
2021,2021-01-16,2021-01-11,401253862,reg,0,1,251,Texas Longhorns,Big 12,power,4,82,2306,Kansas State Wildcats,Big 12,power,0,67,
2021,2021-01-16,2021-01-11,401253863,reg,0,1,2641,Texas Tech Red Raiders,Big 12,power,15,60,239,Baylor Bears,Big 12,power,2,68,
2021,2021-01-16,2021-01-11,401258753,reg,0,1,245,Texas A&M Aggies,SEC,power,0,52,142,Missouri Tigers,SEC,power,17,68,
2021,2021-01-16,2021-01-11,401258754,reg,0,1,2633,Tennessee Volunteers,SEC,power,10,81,238,Vanderbilt Commodores,SEC,power,0,61,
2021,2021-01-16,2021-01-11,401260219,reg,0,1,228,Clemson Tigers,ACC,power,12,50,258,Virginia Cavaliers,ACC,power,18,85,
2021,2021-01-16,2021-01-11,401260222,reg,0,1,2390,Miami Hurricanes,ACC,power,0,78,97,Louisville Cardinals,ACC,power,16,72,
2021,2021-01-16,2021-01-11,401263398,reg,0,1,356,Illinois Fighting Illini,Big Ten,power,14,81,194,Ohio State Buckeyes,Big Ten,power,21,87,
2021,2021-01-16,2021-01-11,401263400,reg,0,1,135,Minnesota Golden Gophers,Big Ten,power,23,75,130,Michigan Wolverines,Big Ten,power,7,57,
2021,2021-01-16,2021-01-11,401269612,reg,0,1,2086,Butler Bulldogs,Big East,high,0,70,156,Creighton Bluejays,Big East,high,8,66,
2021,2021-01-17,2021-01-11,401260224,reg,0,1,154,Wake Forest Demon Deacons,ACC,power,0,60,259,Virginia Tech Hokies,ACC,power,20,64,
2021,2021-01-17,2021-01-11,401264277,reg,0,1,248,Houston Cougars,American,high,11,75,2116,UCF Knights,American,high,0,58,
2021,2021-01-17,2021-01-11,401267860,reg,0,1,77,Northwestern Wildcats,Big Ten,power,0,73,2294,Iowa Hawkeyes,Big Ten,power,5,96,
2021,2021-01-18,2021-01-18,401253865,reg,0,1,239,Baylor Bears,Big 12,power,2,77,2305,Kansas Jayhawks,Big 12,power,9,69,
2021,2021-01-18,2021-01-18,401272042,reg,0,1,41,UConn Huskies,Big East,high,23,70,2599,St. John's Red Storm,Big East,high,0,74,
2021,2021-01-19,2021-01-18,401258755,reg,0,1,99,LSU Tigers,SEC,power,0,75,333,Alabama Crimson Tide,SEC,power,18,105,
2021,2021-01-19,2021-01-18,401258756,reg,0,1,57,Florida Gators,SEC,power,0,75,2633,Tennessee Volunteers,SEC,power,6,49,
2021,2021-01-19,2021-01-18,401258758,reg,0,1,142,Missouri Tigers,SEC,power,19,81,2579,South Carolina Gamecocks,SEC,power,0,70,
2021,2021-01-19,2021-01-18,401263403,reg,0,1,130,Michigan Wolverines,Big Ten,power,7,87,120,Maryland Terrapins,Big Ten,power,0,63,
2021,2021-01-19,2021-01-18,401263404,reg,0,1,356,Illinois Fighting Illini,Big Ten,power,22,79,213,Penn State Nittany Lions,Big Ten,power,0,65,
2021,2021-01-19,2021-01-18,401263414,reg,0,1,194,Ohio State Buckeyes,Big Ten,power,15,65,2509,Purdue Boilermakers,Big Ten,power,0,67,
2021,2021-01-19,2021-01-18,401269617,reg,0,1,222,Villanova Wildcats,Big East,high,3,76,2550,Seton Hall Pirates,Big East,high,0,74,
2021,2021-01-20,2021-01-18,401263415,reg,0,1,275,Wisconsin Badgers,Big Ten,power,10,68,77,Northwestern Wildcats,Big Ten,power,0,52,
2021,2021-01-20,2021-01-18,401264280,reg,0,1,248,Houston Cougars,American,high,8,86,202,Tulsa Golden Hurricane,American,high,0,59,
2021,2021-01-20,2021-01-18,401265073,reg,0,1,59,Georgia Tech Yellow Jackets,ACC,power,0,83,228,Clemson Tigers,ACC,power,20,65,
2021,2021-01-20,2021-01-18,401269619,reg,0,1,156,Creighton Bluejays,Big East,high,11,70,2507,Providence Friars,Big East,high,0,74,
2021,2021-01-21,2021-01-18,401263406,reg,0,1,2294,Iowa Hawkeyes,Big Ten,power,4,69,84,Indiana Hoosiers,Big Ten,power,0,81,
2021,2021-01-21,2021-01-18,401265385,reg,0,1,25,California Golden Bears,Pac-12,power,0,57,26,UCLA Bruins,Pac-12,power,24,61,
2021,2021-01-22,2021-01-18,401263407,reg,0,1,2509,Purdue Boilermakers,Big Ten,power,0,53,130,Michigan Wolverines,Big Ten,power,7,70,
2021,2021-01-23,2021-01-18,401253738,reg,0,1,2250,Gonzaga Bulldogs,WCC,high,1,95,279,Pacific Tigers,WCC,high,0,49,
2021,2021-01-23,2021-01-18,401253870,reg,0,1,2306,Kansas State Wildcats,Big 12,power,0,47,277,West Virginia Mountaineers,Big 12,power,14,69,
2021,2021-01-23,2021-01-18,401253871,reg,0,1,201,Oklahoma Sooners,Big 12,power,0,75,2305,Kansas Jayhawks,Big 12,power,9,68,
2021,2021-01-23,2021-01-18,401253872,reg,0,1,197,Oklahoma State Cowboys,Big 12,power,0,66,239,Baylor Bears,Big 12,power,2,81,
2021,2021-01-23,2021-01-18,401258762,reg,0,1,333,Alabama Crimson Tide,SEC,power,18,81,344,Mississippi State Bulldogs,SEC,power,0,73,
2021,2021-01-23,2021-01-18,401258768,reg,0,1,2633,Tennessee Volunteers,SEC,power,6,64,142,Missouri Tigers,SEC,power,19,73,
2021,2021-01-23,2021-01-18,401260233,reg,0,1,52,Florida State Seminoles,ACC,power,0,80,228,Clemson Tigers,ACC,power,20,61,
2021,2021-01-23,2021-01-18,401260235,reg,0,1,258,Virginia Cavaliers,ACC,power,13,64,59,Georgia Tech Yellow Jackets,ACC,power,0,62,
2021,2021-01-23,2021-01-18,401260237,reg,0,1,183,Syracuse Orange,ACC,power,0,78,259,Virginia Tech Hokies,ACC,power,16,60,
2021,2021-01-23,2021-01-18,401263409,reg,0,1,135,Minnesota Golden Gophers,Big Ten,power,17,49,120,Maryland Terrapins,Big Ten,power,0,63,
2021,2021-01-23,2021-01-18,401263411,reg,0,1,275,Wisconsin Badgers,Big Ten,power,10,62,194,Ohio State Buckeyes,Big Ten,power,15,74,
2021,2021-01-23,2021-01-18,401265389,reg,0,1,2483,Oregon Ducks,Pac-12,power,21,64,204,Oregon State Beavers,Pac-12,power,0,75,
2021,2021-01-23,2021-01-18,401265390,reg,0,1,24,Stanford Cardinal,Pac-12,power,0,73,26,UCLA Bruins,Pac-12,power,24,72,
2021,2021-01-23,2021-01-18,401269622,reg,0,1,156,Creighton Bluejays,Big East,high,11,74,41,UConn Huskies,Big East,high,23,66,
2021,2021-01-23,2021-01-18,401269624,reg,0,1,222,Villanova Wildcats,Big East,high,3,71,2507,Providence Friars,Big East,high,0,56,
2021,2021-01-23,2021-01-18,401280173,reg,0,1,218,Temple Owls,American,high,0,51,248,Houston Cougars,American,high,8,68,
2021,2021-01-25,2021-01-25,401253876,reg,0,1,277,West Virginia Mountaineers,Big 12,power,11,88,2641,Texas Tech Red Raiders,Big 12,power,10,87,
2021,2021-01-25,2021-01-25,401260239,reg,0,1,258,Virginia Cavaliers,ACC,power,8,81,183,Syracuse Orange,ACC,power,0,58,
2021,2021-01-26,2021-01-25,401253878,reg,0,1,251,Texas Longhorns,Big 12,power,5,79,201,Oklahoma Sooners,Big 12,power,24,80,
2021,2021-01-26,2021-01-25,401258769,reg,0,1,333,Alabama Crimson Tide,SEC,power,9,70,96,Kentucky Wildcats,SEC,power,0,59,
2021,2021-01-26,2021-01-25,401258770,reg,0,1,2,Auburn Tigers,SEC,power,0,88,142,Missouri Tigers,SEC,power,12,82,
2021,2021-01-26,2021-01-25,401258772,reg,0,1,2633,Tennessee Volunteers,SEC,power,18,56,344,Mississippi State Bulldogs,SEC,power,0,53,
2021,2021-01-26,2021-01-25,401260627,reg,0,1,139,Saint Louis Billikens,A-10,high,22,71,2168,Dayton Flyers,A-10,high,0,76,
2021,2021-01-27,2021-01-25,401253879,reg,0,1,239,Baylor Bears,Big 12,power,2,107,2306,Kansas State Wildcats,Big 12,power,0,59,
2021,2021-01-27,2021-01-25,401263313,reg,0,1,120,Maryland Terrapins,Big Ten,power,0,55,275,Wisconsin Badgers,Big Ten,power,14,61,
2021,2021-01-27,2021-01-25,401265079,reg,0,1,52,Florida State Seminoles,ACC,power,16,81,2390,Miami Hurricanes,ACC,power,0,59,
2021,2021-01-27,2021-01-25,401265080,reg,0,1,87,Notre Dame Fighting Irish,ACC,power,0,51,259,Virginia Tech Hokies,ACC,power,20,62,
2021,2021-01-27,2021-01-25,401269629,reg,0,1,2550,Seton Hall Pirates,Big East,high,0,81,156,Creighton Bluejays,Big East,high,17,85,
2021,2021-01-27,2021-01-25,401280781,reg,0,1,194,Ohio State Buckeyes,Big Ten,power,13,83,213,Penn State Nittany Lions,Big Ten,power,0,79,
2021,2021-01-27,2021-01-25,401281473,reg,0,1,228,Clemson Tigers,ACC,power,0,54,97,Louisville Cardinals,ACC,power,25,50,
2021,2021-01-28,2021-01-25,401253742,reg,0,1,301,San Diego Toreros,WCC,high,0,62,2250,Gonzaga Bulldogs,WCC,high,1,90,
2021,2021-01-28,2021-01-25,401253877,reg,0,1,2305,Kansas Jayhawks,Big 12,power,15,59,2628,TCU Horned Frogs,Big 12,power,0,51,
2021,2021-01-28,2021-01-25,401264294,reg,0,1,2655,Tulane Green Wave,American,high,0,60,248,Houston Cougars,American,high,6,83,
2021,2021-01-29,2021-01-25,401263417,reg,0,1,356,Illinois Fighting Illini,Big Ten,power,19,80,2294,Iowa Hawkeyes,Big Ten,power,7,75,
2021,2021-01-30,2021-01-25,401253748,reg,0,1,2492,Pepperdine Waves,WCC,high,0,75,2250,Gonzaga Bulldogs,WCC,high,1,97,
2021,2021-01-30,2021-01-25,401253915,reg,0,0,142,Missouri Tigers,SEC,power,12,102,2628,TCU Horned Frogs,Big 12,power,0,98,SEC/Big 12 Challenge
2021,2021-01-30,2021-01-25,401254037,reg,0,0,2633,Tennessee Volunteers,SEC,power,18,80,2305,Kansas Jayhawks,Big 12,power,15,61,SEC/Big 12 Challenge
2021,2021-01-30,2021-01-25,401254048,reg,0,0,239,Baylor Bears,Big 12,power,2,84,2,Auburn Tigers,SEC,power,0,72,SEC/Big 12 Challenge
2021,2021-01-30,2021-01-25,401254064,reg,0,0,201,Oklahoma Sooners,Big 12,power,24,66,333,Alabama Crimson Tide,SEC,power,9,61,SEC/Big 12 Challenge
2021,2021-01-30,2021-01-25,401254079,reg,0,0,99,LSU Tigers,SEC,power,0,71,2641,Texas Tech Red Raiders,Big 12,power,10,76,SEC/Big 12 Challenge
2021,2021-01-30,2021-01-25,401254085,reg,0,0,277,West Virginia Mountaineers,Big 12,power,11,80,57,Florida Gators,SEC,power,0,85,SEC/Big 12 Challenge
2021,2021-01-30,2021-01-25,401260248,reg,0,1,59,Georgia Tech Yellow Jackets,ACC,power,0,76,52,Florida State Seminoles,ACC,power,16,65,
2021,2021-01-30,2021-01-25,401260251,reg,0,1,259,Virginia Tech Hokies,ACC,power,20,65,258,Virginia Cavaliers,ACC,power,8,51,
2021,2021-01-30,2021-01-25,401263316,reg,0,1,2509,Purdue Boilermakers,Big Ten,power,0,81,135,Minnesota Golden Gophers,Big Ten,power,21,62,
2021,2021-01-30,2021-01-25,401265400,reg,0,1,26,UCLA Bruins,Pac-12,power,23,57,204,Oregon State Beavers,Pac-12,power,0,52,
2021,2021-01-30,2021-01-25,401269631,reg,0,1,305,DePaul Blue Demons,Big East,high,0,62,156,Creighton Bluejays,Big East,high,17,69,
2021,2021-01-30,2021-01-25,401269633,reg,0,1,2550,Seton Hall Pirates,Big East,high,0,72,222,Villanova Wildcats,Big East,high,3,80,
2021,2021-01-30,2021-01-25,401276828,reg,0,1,213,Penn State Nittany Lions,Big Ten,power,0,81,275,Wisconsin Badgers,Big Ten,power,14,71,
2021,2021-01-31,2021-01-25,401263422,reg,0,1,194,Ohio State Buckeyes,Big Ten,power,13,79,127,Michigan State Spartans,Big Ten,power,0,62,
2021,2021-01-31,2021-01-25,401264298,reg,0,1,248,Houston Cougars,American,high,6,70,2567,SMU Mustangs,American,high,0,48,
2021,2021-02-01,2021-02-01,401253880,reg,0,1,2641,Texas Tech Red Raiders,Big 12,power,13,57,201,Oklahoma Sooners,Big 12,power,9,52,
2021,2021-02-01,2021-02-01,401267019,reg,0,1,2181,Drake Bulldogs,MVC,mid,25,95,2287,Illinois State Redbirds,MVC,mid,0,60,
2021,2021-02-02,2021-02-01,401252509,reg,0,1,66,Iowa State Cyclones,Big 12,power,0,72,277,West Virginia Mountaineers,Big 12,power,17,76,
2021,2021-02-02,2021-02-01,401253881,reg,0,1,251,Texas Longhorns,Big 12,power,6,69,239,Baylor Bears,Big 12,power,2,83,
2021,2021-02-02,2021-02-01,401254043,reg,0,1,2305,Kansas Jayhawks,Big 12,power,23,74,2306,Kansas State Wildcats,Big 12,power,0,51,Sunflower Showdown
2021,2021-02-02,2021-02-01,401258781,reg,0,1,145,Ole Miss Rebels,SEC,power,0,52,2633,Tennessee Volunteers,SEC,power,11,50,
2021,2021-02-02,2021-02-01,401263365,reg,0,1,84,Indiana Hoosiers,Big Ten,power,0,71,356,Illinois Fighting Illini,Big Ten,power,12,75,
2021,2021-02-02,2021-02-01,401263366,reg,0,1,120,Maryland Terrapins,Big Ten,power,0,61,2509,Purdue Boilermakers,Big Ten,power,24,60,
2021,2021-02-02,2021-02-01,401263367,reg,0,1,275,Wisconsin Badgers,Big Ten,power,19,72,213,Penn State Nittany Lions,Big Ten,power,0,56,
2021,2021-02-02,2021-02-01,401281893,reg,0,1,2294,Iowa Hawkeyes,Big Ten,power,8,84,127,Michigan State Spartans,Big Ten,power,0,78,
2021,2021-02-03,2021-02-01,401258780,reg,0,1,142,Missouri Tigers,SEC,power,18,75,96,Kentucky Wildcats,SEC,power,0,70,
2021,2021-02-03,2021-02-01,401258782,reg,0,1,333,Alabama Crimson Tide,SEC,power,10,78,99,LSU Tigers,SEC,power,0,60,
2021,2021-02-03,2021-02-01,401258783,reg,0,1,57,Florida Gators,SEC,power,22,66,2579,South Carolina Gamecocks,SEC,power,0,72,
2021,2021-02-03,2021-02-01,401264300,reg,0,1,151,East Carolina Pirates,American,high,0,82,248,Houston Cougars,American,high,5,73,
2021,2021-02-03,2021-02-01,401265086,reg,0,1,152,NC State Wolfpack,ACC,power,0,57,258,Virginia Cavaliers,ACC,power,14,64,
2021,2021-02-03,2021-02-01,401265087,reg,0,1,221,Pittsburgh Panthers,ACC,power,0,83,259,Virginia Tech Hokies,ACC,power,16,72,
2021,2021-02-03,2021-02-01,401269636,reg,0,1,156,Creighton Bluejays,Big East,high,15,79,46,Georgetown Hoyas,Big East,high,0,86,
2021,2021-02-03,2021-02-01,401269638,reg,0,1,2599,St. John's Red Storm,Big East,high,0,70,222,Villanova Wildcats,Big East,high,3,59,
2021,2021-02-04,2021-02-01,401263384,reg,0,1,2294,Iowa Hawkeyes,Big Ten,power,8,85,194,Ohio State Buckeyes,Big Ten,power,7,89,
2021,2021-02-04,2021-02-01,401284857,reg,0,1,279,Pacific Tigers,WCC,high,0,58,2250,Gonzaga Bulldogs,WCC,high,1,76,
2021,2021-02-06,2021-02-01,401252510,reg,0,1,201,Oklahoma Sooners,Big 12,power,9,79,66,Iowa State Cyclones,Big 12,power,0,72,
2021,2021-02-06,2021-02-01,401253884,reg,0,1,197,Oklahoma State Cowboys,Big 12,power,0,75,251,Texas Longhorns,Big 12,power,6,67,
2021,2021-02-06,2021-02-01,401254038,reg,0,1,277,West Virginia Mountaineers,Big 12,power,17,91,2305,Kansas Jayhawks,Big 12,power,23,79,
2021,2021-02-06,2021-02-01,401254057,reg,0,1,2306,Kansas State Wildcats,Big 12,power,0,62,2641,Texas Tech Red Raiders,Big 12,power,13,73,
2021,2021-02-06,2021-02-01,401258785,reg,0,1,142,Missouri Tigers,SEC,power,18,68,333,Alabama Crimson Tide,SEC,power,10,65,
2021,2021-02-06,2021-02-01,401258790,reg,0,1,96,Kentucky Wildcats,SEC,power,0,71,2633,Tennessee Volunteers,SEC,power,11,82,
2021,2021-02-06,2021-02-01,401260264,reg,0,1,2390,Miami Hurricanes,ACC,power,0,76,259,Virginia Tech Hokies,ACC,power,16,80,
2021,2021-02-06,2021-02-01,401263386,reg,0,1,356,Illinois Fighting Illini,Big Ten,power,12,75,275,Wisconsin Badgers,Big Ten,power,19,60,
2021,2021-02-06,2021-02-01,401263388,reg,0,1,2509,Purdue Boilermakers,Big Ten,power,24,75,77,Northwestern Wildcats,Big Ten,power,0,70,
2021,2021-02-06,2021-02-01,401265105,reg,0,1,258,Virginia Cavaliers,ACC,power,14,73,221,Pittsburgh Panthers,ACC,power,0,66,
2021,2021-02-06,2021-02-01,401265410,reg,0,1,30,USC Trojans,Pac-12,power,0,66,26,UCLA Bruins,Pac-12,power,21,48,
2021,2021-02-06,2021-02-01,401267031,reg,0,1,2674,Valparaiso Beacons,MVC,mid,0,77,2181,Drake Bulldogs,MVC,mid,25,80,
2021,2021-02-06,2021-02-01,401269641,reg,0,1,269,Marquette Golden Eagles,Big East,high,0,68,156,Creighton Bluejays,Big East,high,15,71,
2021,2021-02-06,2021-02-01,401285301,reg,0,0,248,Houston Cougars,American,high,5,112,3158,Our Lady of the Lake Saints,,,0,46,
2021,2021-02-07,2021-02-01,401263389,reg,0,1,84,Indiana Hoosiers,Big Ten,power,0,67,2294,Iowa Hawkeyes,Big Ten,power,8,65,
2021,2021-02-07,2021-02-01,401267035,reg,0,1,2674,Valparaiso Beacons,MVC,mid,0,74,2181,Drake Bulldogs,MVC,mid,25,57,
2021,2021-02-07,2021-02-01,401284721,reg,0,1,222,Villanova Wildcats,Big East,high,3,84,46,Georgetown Hoyas,Big East,high,0,74,
2021,2021-02-08,2021-02-08,401254039,reg,0,1,2305,Kansas Jayhawks,Big 12,power,0,78,197,Oklahoma State Cowboys,Big 12,power,23,66,
2021,2021-02-08,2021-02-08,401267862,reg,0,1,120,Maryland Terrapins,Big Ten,power,0,65,194,Ohio State Buckeyes,Big Ten,power,4,73,
2021,2021-02-08,2021-02-08,401284858,reg,0,1,252,BYU Cougars,WCC,high,0,71,2250,Gonzaga Bulldogs,WCC,high,1,82,
2021,2021-02-09,2021-02-08,401253885,reg,0,1,2306,Kansas State Wildcats,Big 12,power,0,77,251,Texas Longhorns,Big 12,power,13,80,
2021,2021-02-09,2021-02-08,401253887,reg,0,1,2641,Texas Tech Red Raiders,Big 12,power,7,71,277,West Virginia Mountaineers,Big 12,power,14,82,
2021,2021-02-09,2021-02-08,401258792,reg,0,1,2579,South Carolina Gamecocks,SEC,power,0,78,333,Alabama Crimson Tide,SEC,power,11,81,
2021,2021-02-09,2021-02-08,401269590,reg,0,1,46,Georgetown Hoyas,Big East,high,0,48,156,Creighton Bluejays,Big East,high,19,63,
2021,2021-02-10,2021-02-08,401258798,reg,0,1,145,Ole Miss Rebels,SEC,power,0,80,142,Missouri Tigers,SEC,power,10,59,
2021,2021-02-10,2021-02-08,401263317,reg,0,1,2294,Iowa Hawkeyes,Big Ten,power,15,79,164,Rutgers Scarlet Knights,Big Ten,power,25,66,
2021,2021-02-10,2021-02-08,401263353,reg,0,1,158,Nebraska Cornhuskers,Big Ten,power,0,48,275,Wisconsin Badgers,Big Ten,power,21,61,
2021,2021-02-10,2021-02-08,401265092,reg,0,1,59,Georgia Tech Yellow Jackets,ACC,power,0,49,258,Virginia Cavaliers,ACC,power,9,57,
2021,2021-02-10,2021-02-08,401281679,reg,0,1,58,South Florida Bulls,American,high,0,65,248,Houston Cougars,American,high,8,82,
2021,2021-02-10,2021-02-08,401284704,reg,0,1,222,Villanova Wildcats,Big East,high,5,96,269,Marquette Golden Eagles,Big East,high,0,64,
2021,2021-02-10,2021-02-08,401286591,reg,0,1,2633,Tennessee Volunteers,SEC,power,16,89,61,Georgia Bulldogs,SEC,power,0,81,
2021,2021-02-11,2021-02-08,401263352,reg,0,1,135,Minnesota Golden Gophers,Big Ten,power,0,71,2509,Purdue Boilermakers,Big Ten,power,24,68,
2021,2021-02-11,2021-02-08,401265417,reg,0,1,264,Washington Huskies,Pac-12,power,0,54,30,USC Trojans,Pac-12,power,20,69,
2021,2021-02-12,2021-02-08,401286622,reg,0,1,158,Nebraska Cornhuskers,Big Ten,power,0,72,356,Illinois Fighting Illini,Big Ten,power,6,77,
2021,2021-02-13,2021-02-08,401253766,reg,0,1,2539,San Francisco Dons,WCC,high,0,61,2250,Gonzaga Bulldogs,WCC,high,1,100,
2021,2021-02-13,2021-02-08,401253890,reg,0,1,197,Oklahoma State Cowboys,Big 12,power,23,67,2306,Kansas State Wildcats,Big 12,power,0,60,
2021,2021-02-13,2021-02-08,401254065,reg,0,1,277,West Virginia Mountaineers,Big 12,power,14,90,201,Oklahoma Sooners,Big 12,power,12,91,
2021,2021-02-13,2021-02-08,401254074,reg,0,1,251,Texas Longhorns,Big 12,power,13,70,2628,TCU Horned Frogs,Big 12,power,0,55,
2021,2021-02-13,2021-02-08,401258799,reg,0,1,333,Alabama Crimson Tide,SEC,power,11,115,61,Georgia Bulldogs,SEC,power,0,82,
2021,2021-02-13,2021-02-08,401258800,reg,0,1,142,Missouri Tigers,SEC,power,10,81,8,Arkansas Razorbacks,SEC,power,0,86,
2021,2021-02-13,2021-02-08,401258803,reg,0,1,99,LSU Tigers,SEC,power,0,78,2633,Tennessee Volunteers,SEC,power,16,65,
2021,2021-02-13,2021-02-08,401260276,reg,0,1,52,Florida State Seminoles,ACC,power,17,92,154,Wake Forest Demon Deacons,ACC,power,0,85,
2021,2021-02-13,2021-02-08,401260278,reg,0,1,258,Virginia Cavaliers,ACC,power,9,60,153,North Carolina Tar Heels,ACC,power,0,48,
2021,2021-02-13,2021-02-08,401263354,reg,0,1,127,Michigan State Spartans,Big Ten,power,0,58,2294,Iowa Hawkeyes,Big Ten,power,15,88,
2021,2021-02-13,2021-02-08,401263355,reg,0,1,194,Ohio State Buckeyes,Big Ten,power,4,78,84,Indiana Hoosiers,Big Ten,power,0,59,
2021,2021-02-13,2021-02-08,401263356,reg,0,1,164,Rutgers Scarlet Knights,Big Ten,power,25,64,77,Northwestern Wildcats,Big Ten,power,0,50,
2021,2021-02-13,2021-02-08,401265422,reg,0,1,265,Washington State Cougars,Pac-12,power,0,65,30,USC Trojans,Pac-12,power,20,76,
2021,2021-02-13,2021-02-08,401267155,reg,0,1,2181,Drake Bulldogs,MVC,mid,0,54,2350,Loyola Chicago Ramblers,MVC,mid,22,81,
2021,2021-02-13,2021-02-08,401269644,reg,0,1,156,Creighton Bluejays,Big East,high,19,86,222,Villanova Wildcats,Big East,high,5,70,
2021,2021-02-14,2021-02-08,401263359,reg,0,1,275,Wisconsin Badgers,Big Ten,power,21,59,130,Michigan Wolverines,Big Ten,power,3,67,
2021,2021-02-14,2021-02-08,401267041,reg,0,1,2181,Drake Bulldogs,MVC,mid,0,51,2350,Loyola Chicago Ramblers,MVC,mid,22,50,
2021,2021-02-15,2021-02-15,401260281,reg,0,1,52,Florida State Seminoles,ACC,power,16,81,258,Virginia Cavaliers,ACC,power,7,60,
2021,2021-02-16,2021-02-15,401258806,reg,0,1,8,Arkansas Razorbacks,SEC,power,24,75,57,Florida Gators,SEC,power,0,64,
2021,2021-02-16,2021-02-15,401258808,reg,0,1,61,Georgia Bulldogs,SEC,power,0,80,142,Missouri Tigers,SEC,power,20,70,
2021,2021-02-16,2021-02-15,401263360,reg,0,1,356,Illinois Fighting Illini,Big Ten,power,5,73,77,Northwestern Wildcats,Big Ten,power,0,66,
2021,2021-02-17,2021-02-15,401253892,reg,0,1,2306,Kansas State Wildcats,Big 12,power,0,41,2305,Kansas Jayhawks,Big 12,power,23,59,Sunflower Showdown
2021,2021-02-17,2021-02-15,401258809,reg,0,1,2633,Tennessee Volunteers,SEC,power,19,93,2579,South Carolina Gamecocks,SEC,power,0,73,
2021,2021-02-17,2021-02-15,401265425,reg,0,1,30,USC Trojans,Pac-12,power,17,89,9,Arizona State Sun Devils,Pac-12,power,0,71,
2021,2021-02-17,2021-02-15,401267046,reg,0,1,2350,Loyola Chicago Ramblers,MVC,mid,22,54,2674,Valparaiso Beacons,MVC,mid,0,52,
2021,2021-02-18,2021-02-15,401253768,reg,0,1,2250,Gonzaga Bulldogs,WCC,high,1,87,2608,Saint Mary's Gaels,WCC,high,0,65,
2021,2021-02-18,2021-02-15,401262650,reg,0,1,278,Fresno State Bulldogs,Mountain West,high,0,53,21,San Diego State Aztecs,Mountain West,high,25,67,
2021,2021-02-18,2021-02-15,401263362,reg,0,1,130,Michigan Wolverines,Big Ten,power,3,71,164,Rutgers Scarlet Knights,Big Ten,power,0,64,
2021,2021-02-18,2021-02-15,401263363,reg,0,1,213,Penn State Nittany Lions,Big Ten,power,0,82,194,Ohio State Buckeyes,Big Ten,power,4,92,
2021,2021-02-18,2021-02-15,401263364,reg,0,1,275,Wisconsin Badgers,Big Ten,power,21,62,2294,Iowa Hawkeyes,Big Ten,power,11,77,
2021,2021-02-18,2021-02-15,401264332,reg,0,1,2724,Wichita State Shockers,American,high,0,68,248,Houston Cougars,American,high,6,63,
2021,2021-02-20,2021-02-15,401253773,reg,0,1,2250,Gonzaga Bulldogs,WCC,high,1,106,301,San Diego Toreros,WCC,high,0,69,
2021,2021-02-20,2021-02-15,401253896,reg,0,1,251,Texas Longhorns,Big 12,power,12,82,277,West Virginia Mountaineers,Big 12,power,13,84,
2021,2021-02-20,2021-02-15,401254033,reg,0,1,66,Iowa State Cyclones,Big 12,power,0,56,201,Oklahoma Sooners,Big 12,power,9,66,
2021,2021-02-20,2021-02-15,401254040,reg,0,1,2305,Kansas Jayhawks,Big 12,power,23,67,2641,Texas Tech Red Raiders,Big 12,power,15,61,
2021,2021-02-20,2021-02-15,401258813,reg,0,1,333,Alabama Crimson Tide,SEC,power,8,82,238,Vanderbilt Commodores,SEC,power,0,78,
2021,2021-02-20,2021-02-15,401258817,reg,0,1,2633,Tennessee Volunteers,SEC,power,19,55,96,Kentucky Wildcats,SEC,power,0,70,
2021,2021-02-20,2021-02-15,401258819,reg,0,1,2579,South Carolina Gamecocks,SEC,power,0,78,142,Missouri Tigers,SEC,power,20,93,
2021,2021-02-20,2021-02-15,401260289,reg,0,1,150,Duke Blue Devils,ACC,power,0,66,258,Virginia Cavaliers,ACC,power,7,65,
2021,2021-02-20,2021-02-15,401262656,reg,0,1,278,Fresno State Bulldogs,Mountain West,high,0,57,21,San Diego State Aztecs,Mountain West,high,25,75,
2021,2021-02-20,2021-02-15,401263369,reg,0,1,135,Minnesota Golden Gophers,Big Ten,power,0,63,356,Illinois Fighting Illini,Big Ten,power,5,94,
2021,2021-02-20,2021-02-15,401265431,reg,0,1,30,USC Trojans,Pac-12,power,17,72,12,Arizona Wildcats,Pac-12,power,0,81,
2021,2021-02-20,2021-02-15,401269655,reg,0,1,222,Villanova Wildcats,Big East,high,10,68,41,UConn Huskies,Big East,high,0,60,
2021,2021-02-20,2021-02-15,401299693,reg,0,1,221,Pittsburgh Panthers,ACC,power,0,72,52,Florida State Seminoles,ACC,power,16,79,
2021,2021-02-21,2021-02-15,401263371,reg,0,1,2294,Iowa Hawkeyes,Big Ten,power,11,74,213,Penn State Nittany Lions,Big Ten,power,0,68,
2021,2021-02-21,2021-02-15,401263372,reg,0,1,77,Northwestern Wildcats,Big Ten,power,0,51,275,Wisconsin Badgers,Big Ten,power,21,68,
2021,2021-02-21,2021-02-15,401263373,reg,0,1,194,Ohio State Buckeyes,Big Ten,power,4,87,130,Michigan Wolverines,Big Ten,power,3,92,
2021,2021-02-21,2021-02-15,401264325,reg,0,1,248,Houston Cougars,American,high,6,90,2132,Cincinnati Bearcats,American,high,0,52,
2021,2021-02-22,2021-02-22,401253901,reg,0,1,197,Oklahoma State Cowboys,Big 12,power,0,74,2641,Texas Tech Red Raiders,Big 12,power,18,69,
2021,2021-02-22,2021-02-22,401303433,reg,0,1,30,USC Trojans,Pac-12,power,19,72,2483,Oregon Ducks,Pac-12,power,0,58,
2021,2021-02-23,2021-02-22,401253897,reg,0,1,2628,TCU Horned Frogs,Big 12,power,0,66,277,West Virginia Mountaineers,Big 12,power,10,74,
2021,2021-02-23,2021-02-22,401253898,reg,0,1,251,Texas Longhorns,Big 12,power,14,75,2305,Kansas Jayhawks,Big 12,power,17,72,
2021,2021-02-23,2021-02-22,401253899,reg,0,1,239,Baylor Bears,Big 12,power,2,77,66,Iowa State Cyclones,Big 12,power,0,72,
2021,2021-02-23,2021-02-22,401253900,reg,0,1,2306,Kansas State Wildcats,Big 12,power,0,62,201,Oklahoma Sooners,Big 12,power,7,57,
2021,2021-02-23,2021-02-22,401258823,reg,0,1,142,Missouri Tigers,SEC,power,24,53,145,Ole Miss Rebels,SEC,power,0,60,
2021,2021-02-23,2021-02-22,401265100,reg,0,1,259,Virginia Tech Hokies,ACC,power,16,53,59,Georgia Tech Yellow Jackets,ACC,power,0,69,
2021,2021-02-23,2021-02-22,401272048,reg,0,1,222,Villanova Wildcats,Big East,high,8,81,2599,St. John's Red Storm,Big East,high,0,58,
2021,2021-02-23,2021-02-22,401286699,reg,0,1,127,Michigan State Spartans,Big Ten,power,0,81,356,Illinois Fighting Illini,Big Ten,power,5,72,
2021,2021-02-24,2021-02-22,401258824,reg,0,1,8,Arkansas Razorbacks,SEC,power,20,81,333,Alabama Crimson Tide,SEC,power,6,66,
2021,2021-02-24,2021-02-22,401258826,reg,0,1,238,Vanderbilt Commodores,SEC,power,0,58,2633,Tennessee Volunteers,SEC,power,25,70,
2021,2021-02-24,2021-02-22,401265104,reg,0,1,2390,Miami Hurricanes,ACC,power,0,71,52,Florida State Seminoles,ACC,power,11,88,
2021,2021-02-24,2021-02-22,401269657,reg,0,1,156,Creighton Bluejays,Big East,high,13,77,305,DePaul Blue Demons,Big East,high,0,53,
2021,2021-02-24,2021-02-22,401284855,reg,0,1,258,Virginia Cavaliers,ACC,power,15,61,152,NC State Wolfpack,ACC,power,0,68,
2021,2021-02-25,2021-02-22,401262664,reg,0,1,21,San Diego State Aztecs,Mountain West,high,22,78,68,Boise State Broncos,Mountain West,high,0,66,
2021,2021-02-25,2021-02-22,401263321,reg,0,1,356,Illinois Fighting Illini,Big Ten,power,5,86,158,Nebraska Cornhuskers,Big Ten,power,0,70,
2021,2021-02-25,2021-02-22,401263375,reg,0,1,127,Michigan State Spartans,Big Ten,power,0,71,194,Ohio State Buckeyes,Big Ten,power,4,67,
2021,2021-02-25,2021-02-22,401263436,reg,0,1,130,Michigan Wolverines,Big Ten,power,3,79,2294,Iowa Hawkeyes,Big Ten,power,9,57,
2021,2021-02-25,2021-02-22,401265440,reg,0,1,38,Colorado Buffaloes,Pac-12,power,0,80,30,USC Trojans,Pac-12,power,19,62,
2021,2021-02-25,2021-02-22,401302113,reg,0,1,2250,Gonzaga Bulldogs,WCC,high,1,89,2541,Santa Clara Broncos,WCC,high,0,75,
2021,2021-02-25,2021-02-22,401303813,reg,0,0,248,Houston Cougars,American,high,12,81,98,Western Kentucky Hilltoppers,CUSA,mid,0,57,
2021,2021-02-26,2021-02-22,401267050,reg,0,1,2350,Loyola Chicago Ramblers,MVC,mid,21,60,79,Southern Illinois Salukis,MVC,mid,0,52,
2021,2021-02-27,2021-02-22,401253903,reg,0,1,2305,Kansas Jayhawks,Big 12,power,17,71,239,Baylor Bears,Big 12,power,2,58,
2021,2021-02-27,2021-02-22,401253904,reg,0,1,201,Oklahoma Sooners,Big 12,power,7,90,197,Oklahoma State Cowboys,Big 12,power,0,94,
2021,2021-02-27,2021-02-22,401253905,reg,0,1,2641,Texas Tech Red Raiders,Big 12,power,18,68,251,Texas Longhorns,Big 12,power,14,59,
2021,2021-02-27,2021-02-22,401253906,reg,0,1,277,West Virginia Mountaineers,Big 12,power,10,65,2306,Kansas State Wildcats,Big 12,power,0,43,
2021,2021-02-27,2021-02-22,401258827,reg,0,1,344,Mississippi State Bulldogs,SEC,power,0,59,333,Alabama Crimson Tide,SEC,power,6,64,
2021,2021-02-27,2021-02-22,401258828,reg,0,1,8,Arkansas Razorbacks,SEC,power,20,83,99,LSU Tigers,SEC,power,0,75,
2021,2021-02-27,2021-02-22,401258829,reg,0,1,2,Auburn Tigers,SEC,power,0,77,2633,Tennessee Volunteers,SEC,power,25,72,
2021,2021-02-27,2021-02-22,401260305,reg,0,1,153,North Carolina Tar Heels,ACC,power,0,78,52,Florida State Seminoles,ACC,power,11,70,
2021,2021-02-27,2021-02-22,401260307,reg,0,1,259,Virginia Tech Hokies,ACC,power,16,84,154,Wake Forest Demon Deacons,ACC,power,0,46,
2021,2021-02-27,2021-02-22,401262667,reg,0,1,21,San Diego State Aztecs,Mountain West,high,22,62,68,Boise State Broncos,Mountain West,high,0,58,
2021,2021-02-27,2021-02-22,401263376,reg,0,1,84,Indiana Hoosiers,Big Ten,power,0,57,130,Michigan Wolverines,Big Ten,power,3,73,
2021,2021-02-27,2021-02-22,401263378,reg,0,1,275,Wisconsin Badgers,Big Ten,power,23,69,356,Illinois Fighting Illini,Big Ten,power,5,74,
2021,2021-02-27,2021-02-22,401265446,reg,0,1,254,Utah Utes,Pac-12,power,0,71,30,USC Trojans,Pac-12,power,19,61,
2021,2021-02-27,2021-02-22,401267054,reg,0,1,2350,Loyola Chicago Ramblers,MVC,mid,21,65,79,Southern Illinois Salukis,MVC,mid,0,58,
2021,2021-02-27,2021-02-22,401269658,reg,0,1,2752,Xavier Musketeers,Big East,high,0,77,156,Creighton Bluejays,Big East,high,13,69,
2021,2021-02-27,2021-02-22,401302193,reg,0,1,2250,Gonzaga Bulldogs,WCC,high,1,86,2351,Loyola Marymount Lions,WCC,high,0,69,
2021,2021-02-28,2021-02-22,401263380,reg,0,1,194,Ohio State Buckeyes,Big Ten,power,4,57,2294,Iowa Hawkeyes,Big Ten,power,9,73,
2021,2021-02-28,2021-02-22,401264336,reg,0,1,248,Houston Cougars,American,high,12,98,58,South Florida Bulls,American,high,0,52,
2021,2021-02-28,2021-02-22,401269661,reg,0,1,2086,Butler Bulldogs,Big East,high,0,73,222,Villanova Wildcats,Big East,high,8,61,
2021,2021-03-01,2021-03-01,401265106,reg,0,1,258,Virginia Cavaliers,ACC,power,21,62,2390,Miami Hurricanes,ACC,power,0,51,
2021,2021-03-01,2021-03-01,401279754,reg,0,1,197,Oklahoma State Cowboys,Big 12,power,17,79,201,Oklahoma Sooners,Big 12,power,16,75,
2021,2021-03-02,2021-03-01,401258834,reg,0,1,333,Alabama Crimson Tide,SEC,power,8,70,2,Auburn Tigers,SEC,power,0,58,
2021,2021-03-02,2021-03-01,401258835,reg,0,1,2579,South Carolina Gamecocks,SEC,power,0,73,8,Arkansas Razorbacks,SEC,power,12,101,
2021,2021-03-02,2021-03-01,401263433,reg,0,1,2509,Purdue Boilermakers,Big Ten,power,23,73,275,Wisconsin Badgers,Big Ten,power,25,69,
2021,2021-03-02,2021-03-01,401302748,reg,0,1,130,Michigan Wolverines,Big Ten,power,2,53,356,Illinois Fighting Illini,Big Ten,power,4,76,
2021,2021-03-02,2021-03-01,401306653,reg,0,1,277,West Virginia Mountaineers,Big 12,power,6,89,239,Baylor Bears,Big 12,power,3,94,
2021,2021-03-02,2021-03-01,401306673,reg,0,1,2641,Texas Tech Red Raiders,Big 12,power,18,69,2628,TCU Horned Frogs,Big 12,power,0,49,
2021,2021-03-02,2021-03-01,401306693,reg,0,1,66,Iowa State Cyclones,Big 12,power,0,67,251,Texas Longhorns,Big 12,power,15,81,
2021,2021-03-03,2021-03-01,401265109,reg,0,1,52,Florida State Seminoles,ACC,power,11,93,103,Boston College Eagles,ACC,power,0,64,
2021,2021-03-03,2021-03-01,401269666,reg,0,1,222,Villanova Wildcats,Big East,high,10,72,156,Creighton Bluejays,Big East,high,14,60,
2021,2021-03-03,2021-03-01,401308875,reg,0,1,2439,UNLV Rebels,Mountain West,high,0,62,21,San Diego State Aztecs,Mountain West,high,19,71,
2021,2021-03-04,2021-03-01,401302750,reg,0,1,130,Michigan Wolverines,Big Ten,power,2,69,127,Michigan State Spartans,Big Ten,power,0,50,
2021,2021-03-04,2021-03-01,401302751,reg,0,1,2294,Iowa Hawkeyes,Big Ten,power,5,102,158,Nebraska Cornhuskers,Big Ten,power,0,64,
2021,2021-03-04,2021-03-01,401306172,reg,0,1,38,Colorado Buffaloes,Pac-12,power,24,75,9,Arizona State Sun Devils,Pac-12,power,0,61,
2021,2021-03-04,2021-03-01,401306713,reg,0,1,2641,Texas Tech Red Raiders,Big 12,power,18,81,66,Iowa State Cyclones,Big 12,power,0,54,
2021,2021-03-04,2021-03-01,401306733,reg,0,1,239,Baylor Bears,Big 12,power,3,81,197,Oklahoma State Cowboys,Big 12,power,17,70,
2021,2021-03-04,2021-03-01,401306753,reg,0,1,277,West Virginia Mountaineers,Big 12,power,6,76,2628,TCU Horned Frogs,Big 12,power,0,67,
2021,2021-03-04,2021-03-01,401306773,reg,0,1,201,Oklahoma Sooners,Big 12,power,16,65,251,Texas Longhorns,Big 12,power,15,69,
2021,2021-03-04,2021-03-01,401307902,reg,0,0,2305,Kansas Jayhawks,Big 12,power,13,67,2638,UTEP Miners,CUSA,mid,0,62,
2021,2021-03-05,2021-03-01,401287116,reg,1,1,2350,Loyola Chicago Ramblers,MVC,mid,20,73,79,Southern Illinois Salukis,MVC,mid,0,49,MVC Tournament - Quarterfinal
2021,2021-03-06,2021-03-01,401260320,reg,0,1,87,Notre Dame Fighting Irish,ACC,power,0,83,52,Florida State Seminoles,ACC,power,11,73,
2021,2021-03-06,2021-03-01,401260321,reg,0,1,97,Louisville Cardinals,ACC,power,0,58,258,Virginia Cavaliers,ACC,power,21,68,
2021,2021-03-06,2021-03-01,401263437,reg,0,1,194,Ohio State Buckeyes,Big Ten,power,7,68,356,Illinois Fighting Illini,Big Ten,power,4,73,
2021,2021-03-06,2021-03-01,401263438,reg,0,1,2509,Purdue Boilermakers,Big Ten,power,23,67,84,Indiana Hoosiers,Big Ten,power,0,58,
2021,2021-03-06,2021-03-01,401269667,reg,0,1,2507,Providence Friars,Big East,high,0,54,222,Villanova Wildcats,Big East,high,10,52,
2021,2021-03-06,2021-03-01,401269669,reg,0,1,156,Creighton Bluejays,Big East,high,14,93,2086,Butler Bulldogs,Big East,high,0,73,
2021,2021-03-06,2021-03-01,401287118,reg,1,1,2350,Loyola Chicago Ramblers,MVC,mid,20,65,282,Indiana State Sycamores,MVC,mid,0,49,MVC Tournament - Semifinal
2021,2021-03-06,2021-03-01,401306793,reg,0,1,277,West Virginia Mountaineers,Big 12,power,6,80,197,Oklahoma State Cowboys,Big 12,power,17,85,
2021,2021-03-06,2021-03-01,401308015,reg,0,1,61,Georgia Bulldogs,SEC,power,0,79,333,Alabama Crimson Tide,SEC,power,8,89,
2021,2021-03-06,2021-03-01,401308018,reg,0,1,8,Arkansas Razorbacks,SEC,power,12,87,245,Texas A&M Aggies,SEC,power,0,80,
2021,2021-03-07,2021-03-01,401263324,reg,0,1,2294,Iowa Hawkeyes,Big Ten,power,5,77,275,Wisconsin Badgers,Big Ten,power,25,73,
2021,2021-03-07,2021-03-01,401263325,reg,0,1,127,Michigan State Spartans,Big Ten,power,0,70,130,Michigan Wolverines,Big Ten,power,2,64,
2021,2021-03-07,2021-03-01,401282543,reg,0,1,248,Houston Cougars,American,high,9,67,235,Memphis Tigers,American,high,0,64,
2021,2021-03-07,2021-03-01,401287119,reg,1,1,2350,Loyola Chicago Ramblers,MVC,mid,20,75,2181,Drake Bulldogs,MVC,mid,0,65,MVC Tournament - Final
2021,2021-03-07,2021-03-01,401306833,reg,0,1,239,Baylor Bears,Big 12,power,3,88,2641,Texas Tech Red Raiders,Big 12,power,18,73,
2021,2021-03-07,2021-03-01,401306853,reg,0,1,2628,TCU Horned Frogs,Big 12,power,0,64,251,Texas Longhorns,Big 12,power,15,76,
2021,2021-03-08,2021-03-08,401287472,reg,1,1,2250,Gonzaga Bulldogs,WCC,high,1,78,2608,Saint Mary's Gaels,WCC,high,0,55,West Coast Conference Tournament - Semifinal
2021,2021-03-09,2021-03-08,401287736,reg,1,1,2250,Gonzaga Bulldogs,WCC,high,1,88,252,BYU Cougars,WCC,high,0,78,West Coast Conference Tournament - Final
2021,2021-03-10,2021-03-08,401301703,reg,1,1,201,Oklahoma Sooners,Big 12,power,25,79,66,Iowa State Cyclones,Big 12,power,0,73,Phillips 66 Big 12 Championship - 1st Round
2021,2021-03-11,2021-03-08,401286916,reg,1,1,21,San Diego State Aztecs,Mountain West,high,19,69,2751,Wyoming Cowboys,Mountain West,high,0,66,Mountain West Championship - Quarterfinal
2021,2021-03-11,2021-03-08,401296453,reg,1,1,194,Ohio State Buckeyes,Big Ten,power,9,79,135,Minnesota Golden Gophers,Big Ten,power,0,75,Big Ten Tournament - 2nd Round
2021,2021-03-11,2021-03-08,401300971,reg,1,1,258,Virginia Cavaliers,ACC,power,16,72,183,Syracuse Orange,ACC,power,0,69,New York Life ACC Tournament - Quarterfinal
2021,2021-03-11,2021-03-08,401301254,reg,1,1,259,Virginia Tech Hokies,ACC,power,22,73,153,North Carolina Tar Heels,ACC,power,0,81,New York Life ACC Tournament - Quarterfinal
2021,2021-03-11,2021-03-08,401301729,reg,1,1,277,West Virginia Mountaineers,Big 12,power,10,69,197,Oklahoma State Cowboys,Big 12,power,12,72,Phillips 66 Big 12 Championship - Quarterfinal
2021,2021-03-11,2021-03-08,401301730,reg,1,1,239,Baylor Bears,Big 12,power,2,74,2306,Kansas State Wildcats,Big 12,power,0,68,Phillips 66 Big 12 Championship - Quarterfinal
2021,2021-03-11,2021-03-08,401301731,reg,0,1,2305,Kansas Jayhawks,Big 12,power,11,69,201,Oklahoma Sooners,Big 12,power,25,62,Phillips 66 Big 12 Championship - Quarterfinal
2021,2021-03-11,2021-03-08,401301733,reg,1,1,251,Texas Longhorns,Big 12,power,13,67,2641,Texas Tech Red Raiders,Big 12,power,20,66,Phillips 66 Big 12 Championship - Quarterfinal
2021,2021-03-11,2021-03-08,401303927,reg,1,1,30,USC Trojans,Pac-12,power,24,91,254,Utah Utes,Pac-12,power,0,85,Pac-12 Tournament presented by New York Life - Quarterfinal
2021,2021-03-11,2021-03-08,401303928,reg,1,1,38,Colorado Buffaloes,Pac-12,power,23,61,25,California Golden Bears,Pac-12,power,0,58,Pac-12 Tournament presented by New York Life - Quarterfinal
2021,2021-03-11,2021-03-08,401308797,reg,1,1,222,Villanova Wildcats,Big East,high,14,71,46,Georgetown Hoyas,Big East,high,0,72,Big East Tournament - Quarterfinal
2021,2021-03-11,2021-03-08,401308855,reg,1,1,156,Creighton Bluejays,Big East,high,17,87,2086,Butler Bulldogs,Big East,high,0,56,Big East Tournament - Quarterfinal
2021,2021-03-12,2021-03-08,401286918,reg,1,1,21,San Diego State Aztecs,Mountain West,high,19,77,2440,Nevada Wolf Pack,Mountain West,high,0,70,Mountain West Championship - Semifinal
2021,2021-03-12,2021-03-08,401287155,reg,1,1,333,Alabama Crimson Tide,SEC,power,6,85,344,Mississippi State Bulldogs,SEC,power,0,48,SEC Men's Tournament - Quarterfinal
2021,2021-03-12,2021-03-08,401287157,reg,1,1,8,Arkansas Razorbacks,SEC,power,8,70,142,Missouri Tigers,SEC,power,0,64,SEC Men's Tournament - Quarterfinal
2021,2021-03-12,2021-03-08,401296353,reg,1,1,2294,Iowa Hawkeyes,Big Ten,power,5,62,275,Wisconsin Badgers,Big Ten,power,0,57,Big Ten Tournament - Quarterfinal
2021,2021-03-12,2021-03-08,401296373,reg,1,1,356,Illinois Fighting Illini,Big Ten,power,3,90,164,Rutgers Scarlet Knights,Big Ten,power,0,68,Big Ten Tournament - Quarterfinal
2021,2021-03-12,2021-03-08,401296393,reg,1,1,2509,Purdue Boilermakers,Big Ten,power,20,78,194,Ohio State Buckeyes,Big Ten,power,9,87,Big Ten Tournament - Quarterfinal
2021,2021-03-12,2021-03-08,401296493,reg,1,1,130,Michigan Wolverines,Big Ten,power,4,79,120,Maryland Terrapins,Big Ten,power,0,66,Big Ten Tournament - Quarterfinal
2021,2021-03-12,2021-03-08,401301256,reg,1,1,52,Florida State Seminoles,ACC,power,15,69,153,North Carolina Tar Heels,ACC,power,0,66,New York Life ACC Tournament - Semifinal
2021,2021-03-12,2021-03-08,401301734,reg,1,1,239,Baylor Bears,Big 12,power,2,74,197,Oklahoma State Cowboys,Big 12,power,12,83,Phillips 66 Big 12 Championship - Semifinal
2021,2021-03-12,2021-03-08,401301776,reg,1,1,248,Houston Cougars,American,high,7,77,2655,Tulane Green Wave,American,high,0,52,Air Force Reserve American Athletic Conference Championship - Quarterfinal
2021,2021-03-12,2021-03-08,401303930,reg,1,1,30,USC Trojans,Pac-12,power,24,70,38,Colorado Buffaloes,Pac-12,power,23,72,Pac-12 Tournament presented by New York Life - Semifinal
2021,2021-03-12,2021-03-08,401308858,reg,1,1,156,Creighton Bluejays,Big East,high,17,59,41,UConn Huskies,Big East,high,0,56,Big East Tournament - Semifinal
2021,2021-03-13,2021-03-08,401286919,reg,1,1,21,San Diego State Aztecs,Mountain West,high,19,68,328,Utah State Aggies,Mountain West,high,0,57,Mountain West Championship - Final
2021,2021-03-13,2021-03-08,401287159,reg,1,1,333,Alabama Crimson Tide,SEC,power,6,73,2633,Tennessee Volunteers,SEC,power,0,68,SEC Men's Tournament - Semifinal
2021,2021-03-13,2021-03-08,401287160,reg,1,1,8,Arkansas Razorbacks,SEC,power,8,71,99,LSU Tigers,SEC,power,0,78,SEC Men's Tournament - Semifinal
2021,2021-03-13,2021-03-08,401296313,reg,1,1,356,Illinois Fighting Illini,Big Ten,power,3,82,2294,Iowa Hawkeyes,Big Ten,power,5,71,Big Ten Tournament - Semifinal
2021,2021-03-13,2021-03-08,401296333,reg,1,1,130,Michigan Wolverines,Big Ten,power,4,67,194,Ohio State Buckeyes,Big Ten,power,9,68,Big Ten Tournament - Semifinal
2021,2021-03-13,2021-03-08,401301257,reg,1,1,52,Florida State Seminoles,ACC,power,15,75,59,Georgia Tech Yellow Jackets,ACC,power,0,80,New York Life ACC Tournament - Final
2021,2021-03-13,2021-03-08,401301738,reg,1,1,251,Texas Longhorns,Big 12,power,13,91,197,Oklahoma State Cowboys,Big 12,power,12,86,Phillips 66 Big 12 Championship - Final
2021,2021-03-13,2021-03-08,401301779,reg,1,1,248,Houston Cougars,American,high,7,76,235,Memphis Tigers,American,high,0,74,Air Force Reserve American Athletic Conference Championship - Semifinal
2021,2021-03-13,2021-03-08,401303931,reg,1,1,38,Colorado Buffaloes,Pac-12,power,23,68,204,Oregon State Beavers,Pac-12,power,0,70,Pac-12 Tournament presented by New York Life - Final
2021,2021-03-13,2021-03-08,401308859,reg,1,1,156,Creighton Bluejays,Big East,high,17,48,46,Georgetown Hoyas,Big East,high,0,73,Big East Tournament - Final
2021,2021-03-14,2021-03-08,401287161,reg,1,1,333,Alabama Crimson Tide,SEC,power,6,80,99,LSU Tigers,SEC,power,0,79,SEC Men's Tournament - Final
2021,2021-03-14,2021-03-08,401296293,reg,1,1,356,Illinois Fighting Illini,Big Ten,power,3,91,194,Ohio State Buckeyes,Big Ten,power,9,88,Big Ten Tournament - Final
2021,2021-03-14,2021-03-08,401301780,reg,1,1,248,Houston Cougars,American,high,7,91,2132,Cincinnati Bearcats,American,high,0,54,Air Force Reserve American Athletic Conference Championship - Final
2021,2021-03-18,2021-03-15,401310862,ncaa,1,0,127,Michigan State Spartans,Big Ten,power,11,80,26,UCLA Bruins,Pac-12,power,11,86,Men's Basketball Championship - East Region - First Four
2021,2021-03-18,2021-03-15,401310863,ncaa,1,0,116,Mount St. Mary's Mountaineers,NEC,mid,16,52,2640,Texas Southern Tigers,SWAC,mid,16,60,Men's Basketball Championship - East Region - First Four
2021,2021-03-18,2021-03-15,401310864,ncaa,1,0,2724,Wichita State Shockers,American,high,11,52,2181,Drake Bulldogs,MVC,mid,11,53,Men's Basketball Championship - West Region - First Four
2021,2021-03-18,2021-03-15,401310868,ncaa,1,0,2450,Norfolk State Spartans,MEAC,mid,16,54,2026,Appalachian State Mountaineers,Sun Belt,mid,16,53,Men's Basketball Championship - West Region - First Four
2021,2021-03-19,2021-03-15,401310897,ncaa,1,0,248,Houston Cougars,American,high,2,87,325,Cleveland State Vikings,Horizon,mid,15,56,Men's Basketball Championship - Midwest Region - 1st Round
2021,2021-03-19,2021-03-15,401310898,ncaa,1,0,228,Clemson Tigers,ACC,power,7,56,164,Rutgers Scarlet Knights,Big Ten,power,10,60,Men's Basketball Championship - Midwest Region - 1st Round
2021,2021-03-19,2021-03-15,401310899,ncaa,1,0,277,West Virginia Mountaineers,Big 12,power,3,84,2413,Morehead State Eagles,OVC,mid,14,67,Men's Basketball Championship - Midwest Region - 1st Round
2021,2021-03-19,2021-03-15,401310900,ncaa,1,0,21,San Diego State Aztecs,Mountain West,high,6,62,183,Syracuse Orange,ACC,power,11,78,Men's Basketball Championship - Midwest Region - 1st Round
2021,2021-03-19,2021-03-15,401310901,ncaa,1,0,197,Oklahoma State Cowboys,Big 12,power,4,69,2335,Liberty Flames,ASUN,mid,13,60,Men's Basketball Championship - Midwest Region - 1st Round
2021,2021-03-19,2021-03-15,401310902,ncaa,1,0,2633,Tennessee Volunteers,SEC,power,5,56,204,Oregon State Beavers,Pac-12,power,12,70,Men's Basketball Championship - Midwest Region - 1st Round
2021,2021-03-19,2021-03-15,401310903,ncaa,1,0,2350,Loyola Chicago Ramblers,MVC,mid,8,71,59,Georgia Tech Yellow Jackets,ACC,power,9,60,Men's Basketball Championship - Midwest Region - 1st Round
2021,2021-03-19,2021-03-15,401310904,ncaa,1,0,356,Illinois Fighting Illini,Big Ten,power,1,78,2182,Drexel Dragons,CAA,mid,16,49,Men's Basketball Championship - Midwest Region - 1st Round
2021,2021-03-19,2021-03-15,401310905,ncaa,1,0,194,Ohio State Buckeyes,Big Ten,power,2,72,198,Oral Roberts Golden Eagles,Summit,mid,15,75,Men's Basketball Championship - South Region - 1st Round
2021,2021-03-19,2021-03-15,401310906,ncaa,1,0,57,Florida Gators,SEC,power,7,75,259,Virginia Tech Hokies,ACC,power,10,70,Men's Basketball Championship - South Region - 1st Round
2021,2021-03-19,2021-03-15,401310907,ncaa,1,0,8,Arkansas Razorbacks,SEC,power,3,85,2142,Colgate Raiders,Patriot,mid,14,68,Men's Basketball Championship - South Region - 1st Round
2021,2021-03-19,2021-03-15,401310908,ncaa,1,0,2641,Texas Tech Red Raiders,Big 12,power,6,65,328,Utah State Aggies,Mountain West,high,11,53,Men's Basketball Championship - South Region - 1st Round
2021,2021-03-19,2021-03-15,401310909,ncaa,1,0,2509,Purdue Boilermakers,Big Ten,power,4,69,249,North Texas Mean Green,CUSA,mid,13,78,Men's Basketball Championship - South Region - 1st Round
2021,2021-03-19,2021-03-15,401310910,ncaa,1,0,222,Villanova Wildcats,Big East,high,5,73,2737,Winthrop Eagles,Big South,mid,12,63,Men's Basketball Championship - South Region - 1st Round
2021,2021-03-19,2021-03-15,401310911,ncaa,1,0,153,North Carolina Tar Heels,ACC,power,8,62,275,Wisconsin Badgers,Big Ten,power,9,85,Men's Basketball Championship - South Region - 1st Round
2021,2021-03-19,2021-03-15,401310912,ncaa,1,0,239,Baylor Bears,Big 12,power,1,79,42,Hartford Hawks,Am. East,mid,16,55,Men's Basketball Championship - South Region - 1st Round
2021,2021-03-20,2021-03-15,401310913,ncaa,1,0,2250,Gonzaga Bulldogs,WCC,high,1,98,2450,Norfolk State Spartans,MEAC,mid,16,55,Men's Basketball Championship - West Region - 1st Round
2021,2021-03-20,2021-03-15,401310914,ncaa,1,0,30,USC Trojans,Pac-12,power,6,72,2181,Drake Bulldogs,MVC,mid,11,56,Men's Basketball Championship - West Region - 1st Round
2021,2021-03-20,2021-03-15,401310915,ncaa,1,0,333,Alabama Crimson Tide,SEC,power,2,68,314,Iona Gaels,MAAC,mid,15,55,Men's Basketball Championship - East Region - 1st Round
2021,2021-03-20,2021-03-15,401310916,ncaa,1,0,41,UConn Huskies,Big East,high,7,54,120,Maryland Terrapins,Big Ten,power,10,63,Men's Basketball Championship - East Region - 1st Round
2021,2021-03-20,2021-03-15,401310917,ncaa,1,0,251,Texas Longhorns,Big 12,power,3,52,2000,Abilene Christian Wildcats,Southland,mid,14,53,Men's Basketball Championship - East Region - 1st Round
2021,2021-03-20,2021-03-15,401310918,ncaa,1,0,252,BYU Cougars,WCC,high,6,62,26,UCLA Bruins,Pac-12,power,11,73,Men's Basketball Championship - East Region - 1st Round
2021,2021-03-20,2021-03-15,401310919,ncaa,1,0,52,Florida State Seminoles,ACC,power,4,64,2430,UNC Greensboro Spartans,SoCon,mid,13,54,Men's Basketball Championship - East Region - 1st Round
2021,2021-03-20,2021-03-15,401310920,ncaa,1,0,38,Colorado Buffaloes,Pac-12,power,5,96,46,Georgetown Hoyas,Big East,high,12,73,Men's Basketball Championship - East Region - 1st Round
2021,2021-03-20,2021-03-15,401310921,ncaa,1,0,99,LSU Tigers,SEC,power,8,76,179,St. Bonaventure Bonnies,A-10,high,9,61,Men's Basketball Championship - East Region - 1st Round
2021,2021-03-20,2021-03-15,401310922,ncaa,1,0,130,Michigan Wolverines,Big Ten,power,1,82,2640,Texas Southern Tigers,SWAC,mid,16,66,Men's Basketball Championship - East Region - 1st Round
2021,2021-03-20,2021-03-15,401310923,ncaa,1,0,2294,Iowa Hawkeyes,Big Ten,power,2,86,2253,Grand Canyon Lopes,WAC,mid,15,74,Men's Basketball Championship - West Region - 1st Round
2021,2021-03-20,2021-03-15,401310925,ncaa,1,0,2305,Kansas Jayhawks,Big 12,power,3,93,331,Eastern Washington Eagles,Big Sky,mid,14,84,Men's Basketball Championship - West Region - 1st Round
2021,2021-03-20,2021-03-15,401310926,ncaa,1,0,258,Virginia Cavaliers,ACC,power,4,58,195,Ohio Bobcats,MAC,mid,13,62,Men's Basketball Championship - West Region - 1st Round
2021,2021-03-20,2021-03-15,401310927,ncaa,1,0,156,Creighton Bluejays,Big East,high,5,63,2540,UC Santa Barbara Gauchos,Big West,mid,12,62,Men's Basketball Championship - West Region - 1st Round
2021,2021-03-20,2021-03-15,401310928,ncaa,1,0,201,Oklahoma Sooners,Big 12,power,8,72,142,Missouri Tigers,SEC,power,9,68,Men's Basketball Championship - West Region - 1st Round
2021,2021-03-21,2021-03-15,401310881,ncaa,1,0,222,Villanova Wildcats,Big East,high,5,84,249,North Texas Mean Green,CUSA,mid,13,61,Men's Basketball Championship - South Region - 2nd Round
2021,2021-03-21,2021-03-15,401310882,ncaa,1,0,239,Baylor Bears,Big 12,power,1,76,275,Wisconsin Badgers,Big Ten,power,9,63,Men's Basketball Championship - South Region - 2nd Round
2021,2021-03-21,2021-03-15,401310883,ncaa,1,0,57,Florida Gators,SEC,power,7,78,198,Oral Roberts Golden Eagles,Summit,mid,15,81,Men's Basketball Championship - South Region - 2nd Round
2021,2021-03-21,2021-03-15,401310884,ncaa,1,0,8,Arkansas Razorbacks,SEC,power,3,68,2641,Texas Tech Red Raiders,Big 12,power,6,66,Men's Basketball Championship - South Region - 2nd Round
2021,2021-03-21,2021-03-15,401310885,ncaa,1,0,277,West Virginia Mountaineers,Big 12,power,3,72,183,Syracuse Orange,ACC,power,11,75,Men's Basketball Championship - Midwest Region - 2nd Round
2021,2021-03-21,2021-03-15,401310886,ncaa,1,0,248,Houston Cougars,American,high,2,63,164,Rutgers Scarlet Knights,Big Ten,power,10,60,Men's Basketball Championship - Midwest Region - 2nd Round
2021,2021-03-21,2021-03-15,401310887,ncaa,1,0,197,Oklahoma State Cowboys,Big 12,power,4,70,204,Oregon State Beavers,Pac-12,power,12,80,Men's Basketball Championship - Midwest Region - 2nd Round
2021,2021-03-21,2021-03-15,401310888,ncaa,1,0,356,Illinois Fighting Illini,Big Ten,power,1,58,2350,Loyola Chicago Ramblers,MVC,mid,8,71,Men's Basketball Championship - Midwest Region - 2nd Round
2021,2021-03-22,2021-03-22,401310889,ncaa,1,0,2250,Gonzaga Bulldogs,WCC,high,1,87,201,Oklahoma Sooners,Big 12,power,8,71,Men's Basketball Championship - West Region - 2nd Round
2021,2021-03-22,2021-03-22,401310890,ncaa,1,0,156,Creighton Bluejays,Big East,high,5,72,195,Ohio Bobcats,MAC,mid,13,58,Men's Basketball Championship - West Region - 2nd Round
2021,2021-03-22,2021-03-22,401310891,ncaa,1,0,26,UCLA Bruins,Pac-12,power,11,67,2000,Abilene Christian Wildcats,Southland,mid,14,47,Men's Basketball Championship - East Region - 2nd Round
2021,2021-03-22,2021-03-22,401310892,ncaa,1,0,333,Alabama Crimson Tide,SEC,power,2,96,120,Maryland Terrapins,Big Ten,power,10,77,Men's Basketball Championship - East Region - 2nd Round
2021,2021-03-22,2021-03-22,401310893,ncaa,1,0,2294,Iowa Hawkeyes,Big Ten,power,2,80,2483,Oregon Ducks,Pac-12,power,7,95,Men's Basketball Championship - West Region - 2nd Round
2021,2021-03-22,2021-03-22,401310894,ncaa,1,0,130,Michigan Wolverines,Big Ten,power,1,86,99,LSU Tigers,SEC,power,8,78,Men's Basketball Championship - East Region - 2nd Round
2021,2021-03-22,2021-03-22,401310895,ncaa,1,0,2305,Kansas Jayhawks,Big 12,power,3,51,30,USC Trojans,Pac-12,power,6,85,Men's Basketball Championship - West Region - 2nd Round
2021,2021-03-22,2021-03-22,401310896,ncaa,1,0,52,Florida State Seminoles,ACC,power,4,71,38,Colorado Buffaloes,Pac-12,power,5,53,Men's Basketball Championship - East Region - 2nd Round
2021,2021-03-27,2021-03-22,401310877,ncaa,1,0,2350,Loyola Chicago Ramblers,MVC,mid,8,58,204,Oregon State Beavers,Pac-12,power,12,65,Men's Basketball Championship - Midwest Region - Sweet 16
2021,2021-03-27,2021-03-22,401310878,ncaa,1,0,248,Houston Cougars,American,high,2,62,183,Syracuse Orange,ACC,power,11,46,Men's Basketball Championship - Midwest Region - Sweet 16
2021,2021-03-27,2021-03-22,401310879,ncaa,1,0,8,Arkansas Razorbacks,SEC,power,3,72,198,Oral Roberts Golden Eagles,Summit,mid,15,70,Men's Basketball Championship - South Region - Sweet 16
2021,2021-03-27,2021-03-22,401310880,ncaa,1,0,239,Baylor Bears,Big 12,power,1,62,222,Villanova Wildcats,Big East,high,5,51,Men's Basketball Championship - South Region - Sweet 16
2021,2021-03-28,2021-03-22,401310873,ncaa,1,0,333,Alabama Crimson Tide,SEC,power,2,78,26,UCLA Bruins,Pac-12,power,11,88,Men's Basketball Championship - East Region - Sweet 16
2021,2021-03-28,2021-03-22,401310874,ncaa,1,0,130,Michigan Wolverines,Big Ten,power,1,76,52,Florida State Seminoles,ACC,power,4,58,Men's Basketball Championship - East Region - Sweet 16
2021,2021-03-28,2021-03-22,401310875,ncaa,1,0,30,USC Trojans,Pac-12,power,6,82,2483,Oregon Ducks,Pac-12,power,7,68,Men's Basketball Championship - West Region - Sweet 16
2021,2021-03-28,2021-03-22,401310876,ncaa,1,0,2250,Gonzaga Bulldogs,WCC,high,1,83,156,Creighton Bluejays,Big East,high,5,65,Men's Basketball Championship - West Region - Sweet 16
2021,2021-03-29,2021-03-29,401310869,ncaa,1,0,248,Houston Cougars,American,high,2,67,204,Oregon State Beavers,Pac-12,power,12,61,Men's Basketball Championship - Midwest Region - Elite 8
2021,2021-03-29,2021-03-29,401310870,ncaa,1,0,239,Baylor Bears,Big 12,power,1,81,8,Arkansas Razorbacks,SEC,power,3,72,Men's Basketball Championship - South Region - Elite 8
2021,2021-03-30,2021-03-29,401310871,ncaa,1,0,2250,Gonzaga Bulldogs,WCC,high,1,85,30,USC Trojans,Pac-12,power,6,66,Men's Basketball Championship - West Region - Elite 8
2021,2021-03-30,2021-03-29,401310872,ncaa,1,0,130,Michigan Wolverines,Big Ten,power,1,49,26,UCLA Bruins,Pac-12,power,11,51,Men's Basketball Championship - East Region - Elite 8
2021,2021-04-03,2021-03-29,401310866,ncaa,1,0,239,Baylor Bears,Big 12,power,1,78,248,Houston Cougars,American,high,2,59,Men's Basketball Championship - Final Four
2021,2021-04-03,2021-03-29,401310867,ncaa,1,0,2250,Gonzaga Bulldogs,WCC,high,1,93,26,UCLA Bruins,Pac-12,power,11,90,Men's Basketball Championship - Final Four
2021,2021-04-05,2021-04-05,401310865,ncaa,1,0,2250,Gonzaga Bulldogs,WCC,high,1,70,239,Baylor Bears,Big 12,power,1,86,Men's Basketball Championship - National Championship
